"User_ID";"Gender";"Age";"Occupation";"City_Category";"Stay_In_Current_City_Years";"Marital_Status";"Total_purchase"
1000001;"F";"0-17";10;"A";"2";0;334093.0
1000002;"M";"55+";16;"C";"4+";0;810472.0
1000003;"M";"26-35";15;"A";"3";0;341635.0
1000004;"M";"46-50";7;"B";"2";1;206468.0
1000005;"M";"26-35";20;"A";"1";1;821001.0
1000006;"F";"51-55";9;"A";"1";0;379930.0
1000007;"M";"36-45";1;"B";"1";1;234668.0
1000008;"M";"26-35";12;"C";"4+";1;796593.0
1000009;"M";"26-35";17;"C";"0";0;594099.0
1000010;"F";"36-45";1;"B";"4+";1;2169510.0
1000011;"F";"26-35";1;"C";"1";0;557023.0
1000012;"M";"26-35";12;"C";"2";0;120801.0
1000013;"M";"46-50";1;"C";"3";1;713927.0
1000014;"M";"36-45";0;"C";"0";0;127629.0
1000015;"M";"26-35";7;"A";"1";0;1047728.0
1000016;"F";"36-45";0;"C";"0";1;150490.0
1000017;"M";"51-55";1;"C";"0";0;1425995.0
1000018;"F";"18-25";3;"B";"3";0;1979047.0
1000019;"M";"0-17";10;"A";"3";0;1458069.0
1000020;"M";"26-35";14;"A";"0";0;185747.0
1000021;"M";"18-25";16;"B";"0";0;127099.0
1000022;"M";"18-25";15;"A";"4+";0;1279914.0
1000023;"M";"36-45";0;"B";"3";1;1670998.0
1000024;"F";"26-35";7;"A";"3";1;720899.0
1000025;"M";"18-25";4;"C";"4+";0;534706.0
1000026;"M";"26-35";7;"B";"2";1;1606174.0
1000027;"M";"26-35";11;"C";"1";1;448934.0
1000028;"F";"26-35";1;"C";"2";1;516560.0
1000029;"M";"36-45";7;"C";"1";0;696201.0
1000030;"F";"36-45";7;"C";"3";0;261584.0
1000031;"M";"55+";7;"C";"2";0;496154.0
1000032;"F";"26-35";0;"C";"3";1;229049.0
1000033;"M";"46-50";3;"A";"1";1;1940418.0
1000034;"F";"18-25";0;"A";"0";0;807983.0
1000035;"M";"46-50";1;"C";"4+";1;821303.0
1000036;"M";"26-35";3;"B";"0";0;2316570.0
1000037;"F";"26-35";9;"C";"1";0;248370.0
1000039;"M";"18-25";4;"B";"2";0;382339.0
1000041;"F";"18-25";4;"C";"3";0;146840.0
1000042;"M";"26-35";8;"C";"0";1;1483035.0
1000043;"M";"26-35";12;"A";"0";0;137916.0
1000044;"M";"46-50";17;"B";"3";1;1180380.0
1000045;"F";"46-50";16;"A";"1";1;928494.0
1000046;"M";"18-25";19;"C";"4+";0;138729.0
1000047;"M";"18-25";4;"C";"4+";1;131303.0
1000048;"M";"26-35";4;"B";"3";1;2788504.0
1000049;"M";"18-25";12;"C";"4+";1;732364.0
1000050;"F";"26-35";2;"A";"1";1;198810.0
1000051;"F";"0-17";10;"C";"2";0;200772.0
1000052;"M";"18-25";4;"C";"0";0;523039.0
1000053;"M";"26-35";0;"B";"1";0;4270371.0
1000054;"M";"51-55";1;"C";"4+";1;187451.0
1000055;"F";"36-45";12;"B";"1";0;134320.0
1000056;"M";"36-45";20;"C";"0";1;383101.0
1000057;"M";"18-25";19;"C";"2";0;312584.0
1000058;"M";"26-35";2;"B";"3";0;2896836.0
1000059;"F";"51-55";1;"B";"4+";1;980118.0
1000060;"M";"51-55";1;"C";"1";1;280029.0
1000061;"M";"26-35";17;"C";"1";0;156360.0
1000062;"F";"36-45";3;"A";"1";0;2513618.0
1000063;"M";"18-25";4;"C";"2";0;553760.0
1000064;"M";"18-25";1;"A";"1";1;210996.0
1000065;"M";"36-45";12;"C";"2";1;892321.0
1000066;"M";"26-35";18;"C";"2";0;225028.0
1000067;"F";"51-55";5;"C";"4+";1;352342.0
1000068;"M";"18-25";4;"A";"0";0;328655.0
1000069;"F";"26-35";1;"A";"1";0;316042.0
1000070;"M";"18-25";4;"A";"2";0;213769.0
1000071;"M";"26-35";14;"A";"0";1;157105.0
1000072;"F";"46-50";0;"B";"1";1;228161.0
1000073;"M";"18-25";4;"A";"4+";0;1428303.0
1000074;"M";"36-45";14;"A";"2";1;326298.0
1000075;"F";"0-17";10;"C";"4+";0;1035584.0
1000076;"M";"36-45";7;"B";"2";1;597730.0
1000077;"M";"18-25";4;"C";"2";0;147847.0
1000078;"F";"46-50";1;"C";"0";1;582902.0
1000079;"F";"46-50";0;"A";"1";0;124538.0
1000080;"M";"55+";1;"C";"3";1;339364.0
1000081;"F";"26-35";0;"A";"1";1;624777.0
1000082;"M";"26-35";17;"C";"2";1;645708.0
1000083;"F";"26-35";2;"C";"1";0;529959.0
1000084;"M";"18-25";4;"C";"1";0;277125.0
1000085;"M";"18-25";4;"C";"1";0;148849.0
1000086;"F";"0-17";10;"C";"3";0;294063.0
1000087;"M";"26-35";14;"C";"2";0;407327.0
1000088;"F";"46-50";1;"C";"1";1;329348.0
1000089;"F";"55+";9;"C";"1";1;112276.0
1000090;"M";"55+";13;"C";"1";0;1310621.0
1000091;"M";"36-45";7;"C";"3";1;211281.0
1000092;"F";"18-25";4;"B";"1";0;1573914.0
1000093;"M";"26-35";17;"B";"1";1;1275642.0
1000094;"M";"26-35";17;"C";"1";0;49288.0
1000095;"M";"46-50";0;"C";"4+";1;580306.0
1000096;"F";"26-35";16;"C";"2";1;444238.0
1000097;"F";"36-45";3;"C";"3";0;867399.0
1000098;"F";"36-45";7;"C";"2";1;154510.0
1000099;"F";"0-17";10;"C";"1";0;506439.0
1000100;"M";"36-45";17;"C";"4+";0;461945.0
1000101;"F";"18-25";3;"A";"1";0;1138265.0
1000102;"M";"36-45";19;"C";"3";0;640517.0
1000103;"M";"46-50";7;"B";"2";1;1016837.0
1000104;"M";"26-35";12;"C";"3";1;215030.0
1000105;"M";"46-50";12;"C";"1";1;636115.0
1000106;"F";"36-45";11;"C";"4+";0;249390.0
1000107;"M";"46-50";18;"C";"4+";0;578540.0
1000108;"M";"26-35";12;"C";"3";0;120872.0
1000109;"M";"46-50";15;"C";"1";1;468810.0
1000110;"M";"26-35";2;"B";"4+";0;435598.0
1000111;"M";"36-45";15;"C";"3";0;521270.0
1000112;"M";"26-35";16;"C";"3";1;413240.0
1000113;"M";"18-25";12;"C";"2";0;360080.0
1000114;"F";"26-35";2;"C";"0";0;418019.0
1000116;"M";"26-35";17;"C";"2";1;590875.0
1000117;"M";"26-35";17;"A";"2";1;2742646.0
1000118;"M";"36-45";17;"C";"4+";0;1301643.0
1000119;"F";"0-17";10;"C";"1";0;420927.0
1000120;"M";"26-35";11;"C";"0";0;344419.0
1000121;"M";"36-45";7;"C";"2";0;586434.0
1000122;"F";"18-25";4;"C";"1";0;271183.0
1000123;"M";"36-45";9;"B";"4+";1;3237092.0
1000124;"M";"55+";7;"C";"1";1;135998.0
1000125;"M";"46-50";14;"B";"3";1;504628.0
1000126;"M";"18-25";9;"B";"1";0;333612.0
1000127;"F";"46-50";3;"C";"1";1;1171261.0
1000128;"M";"55+";6;"A";"1";1;139414.0
1000129;"M";"26-35";11;"C";"2";0;1254181.0
1000130;"M";"36-45";17;"B";"3";1;1274878.0
1000131;"M";"18-25";4;"C";"4+";0;1271991.0
1000132;"M";"26-35";17;"C";"1";0;345438.0
1000133;"F";"26-35";0;"C";"1";1;801864.0
1000134;"M";"26-35";0;"C";"3";1;877630.0
1000135;"M";"18-25";4;"C";"1";1;360650.0
1000136;"M";"18-25";2;"B";"3";0;1562462.0
1000137;"F";"46-50";6;"C";"4+";1;1273519.0
1000138;"M";"18-25";20;"C";"1";1;593148.0
1000139;"F";"26-35";20;"C";"2";0;1500574.0
1000140;"F";"36-45";1;"B";"3";0;329084.0
1000141;"M";"36-45";13;"C";"1";1;115058.0
1000142;"M";"26-35";7;"A";"2";0;301459.0
1000143;"M";"18-25";3;"C";"0";0;375743.0
1000144;"M";"26-35";17;"C";"1";1;234047.0
1000145;"M";"18-25";4;"C";"4+";0;195522.0
1000146;"F";"36-45";20;"B";"3";1;2257255.0
1000147;"M";"18-25";4;"B";"4+";0;1094887.0
1000148;"M";"51-55";17;"B";"3";1;3617294.0
1000149;"M";"26-35";1;"B";"2";1;3775096.0
1000150;"M";"36-45";7;"B";"0";1;1226295.0
1000151;"F";"26-35";20;"A";"1";1;2560797.0
1000152;"M";"18-25";4;"A";"3";0;129138.0
1000153;"M";"0-17";10;"C";"0";0;125304.0
1000154;"M";"51-55";20;"A";"4+";1;281466.0
1000155;"M";"36-45";12;"C";"4+";1;360236.0
1000156;"F";"46-50";7;"C";"4+";1;689084.0
1000157;"M";"36-45";16;"A";"1";0;2228762.0
1000158;"M";"55+";7;"C";"2";1;185073.0
1000159;"F";"46-50";0;"A";"1";1;224129.0
1000160;"M";"36-45";7;"C";"3";0;84580.0
1000161;"M";"46-50";16;"C";"4+";1;1884662.0
1000162;"F";"18-25";4;"C";"4+";0;686358.0
1000163;"M";"18-25";4;"A";"1";0;1633731.0
1000164;"F";"55+";13;"C";"1";0;155793.0
1000165;"M";"18-25";16;"A";"1";0;602989.0
1000166;"M";"18-25";4;"B";"1";1;2073193.0
1000167;"F";"26-35";11;"B";"4+";0;187087.0
1000168;"F";"51-55";0;"C";"0";1;134698.0
1000169;"M";"26-35";7;"B";"3";0;2850607.0
1000170;"M";"26-35";11;"C";"1";1;537867.0
1000171;"F";"51-55";17;"B";"1";1;208924.0
1000172;"M";"26-35";3;"C";"2";0;213016.0
1000173;"M";"26-35";0;"B";"1";1;3204716.0
1000174;"M";"26-35";16;"C";"2";0;763377.0
1000175;"F";"26-35";2;"B";"1";0;1459135.0
1000176;"F";"18-25";3;"C";"1";0;319685.0
1000177;"M";"51-55";1;"B";"3";1;390156.0
1000178;"M";"55+";17;"A";"2";1;540659.0
1000179;"M";"26-35";0;"A";"1";0;486867.0
1000180;"M";"46-50";12;"C";"4+";0;258592.0
1000181;"M";"18-25";17;"C";"1";0;1788678.0
1000182;"M";"18-25";4;"C";"0";0;490892.0
1000183;"F";"46-50";1;"B";"1";1;660777.0
1000184;"F";"26-35";0;"C";"4+";1;572948.0
1000185;"M";"46-50";0;"C";"0";0;435741.0
1000186;"M";"18-25";5;"C";"0";0;652367.0
1000187;"F";"46-50";1;"B";"1";0;2253141.0
1000188;"M";"55+";16;"C";"2";0;402282.0
1000189;"M";"18-25";0;"B";"2";0;209997.0
1000190;"M";"26-35";17;"A";"1";0;778581.0
1000191;"M";"18-25";4;"C";"1";1;117371.0
1000192;"M";"18-25";1;"B";"2";0;2405988.0
1000193;"F";"46-50";15;"C";"1";1;1192531.0
1000194;"F";"0-17";10;"C";"3";0;261927.0
1000195;"M";"26-35";12;"B";"4+";1;4532026.0
1000196;"F";"36-45";9;"C";"4+";0;227705.0
1000197;"M";"18-25";14;"A";"3";0;143662.0
1000198;"M";"26-35";12;"A";"0";1;2114755.0
1000199;"M";"18-25";4;"B";"1";0;1825465.0
1000200;"F";"18-25";4;"C";"0";0;129710.0
1000201;"F";"36-45";2;"A";"1";0;465427.0
1000202;"M";"18-25";4;"A";"3";0;3195955.0
1000203;"F";"18-25";4;"B";"1";1;389087.0
1000204;"M";"26-35";7;"B";"1";1;2424484.0
1000205;"M";"36-45";12;"A";"1";0;923914.0
1000206;"M";"26-35";17;"C";"1";0;152712.0
1000207;"M";"26-35";12;"B";"1";1;113722.0
1000208;"M";"36-45";17;"C";"1";1;1110185.0
1000209;"M";"36-45";1;"B";"4+";0;86769.0
1000210;"F";"0-17";10;"C";"0";0;883230.0
1000211;"M";"46-50";17;"C";"1";1;224683.0
1000212;"M";"26-35";16;"C";"3";0;679386.0
1000213;"F";"18-25";4;"C";"1";0;98185.0
1000214;"M";"18-25";20;"C";"1";0;751975.0
1000215;"M";"36-45";14;"C";"1";1;237988.0
1000216;"M";"46-50";13;"B";"1";0;3140868.0
1000217;"M";"18-25";4;"A";"1";0;144915.0
1000218;"M";"36-45";14;"C";"3";1;381736.0
1000219;"F";"26-35";4;"A";"0";0;175671.0
1000220;"M";"26-35";12;"A";"3";0;620991.0
1000221;"F";"26-35";0;"B";"2";1;130967.0
1000222;"M";"26-35";1;"A";"1";0;428449.0
1000223;"M";"26-35";17;"B";"4+";0;1125900.0
1000225;"M";"26-35";7;"A";"0";0;2483266.0
1000226;"M";"36-45";1;"C";"1";0;93001.0
1000227;"M";"36-45";20;"B";"0";0;165449.0
1000228;"M";"26-35";15;"A";"1";0;233041.0
1000229;"M";"18-25";10;"C";"1";0;910223.0
1000230;"M";"46-50";1;"C";"1";0;1071526.0
1000231;"M";"26-35";3;"A";"1";0;627709.0
1000232;"M";"26-35";20;"A";"1";1;413883.0
1000233;"F";"46-50";20;"C";"2";1;273514.0
1000234;"M";"36-45";7;"C";"2";0;198175.0
1000235;"M";"26-35";0;"B";"0";0;2682668.0
1000236;"M";"26-35";5;"B";"2";0;373171.0
1000237;"M";"26-35";6;"C";"1";1;660317.0
1000238;"F";"51-55";7;"B";"0";0;1188533.0
1000239;"M";"18-25";19;"A";"1";0;373618.0
1000240;"M";"51-55";17;"A";"1";1;854532.0
1000241;"M";"36-45";20;"C";"1";1;335346.0
1000242;"F";"18-25";4;"A";"3";0;1533999.0
1000243;"M";"26-35";16;"C";"1";0;107183.0
1000244;"M";"51-55";7;"B";"3";1;541992.0
1000245;"M";"36-45";16;"B";"0";0;2958852.0
1000246;"F";"18-25";4;"C";"1";0;135040.0
1000247;"M";"26-35";17;"B";"1";0;179969.0
1000248;"M";"18-25";17;"B";"1";1;236168.0
1000249;"F";"18-25";14;"C";"2";0;684804.0
1000250;"M";"36-45";16;"C";"1";0;112588.0
1000251;"M";"55+";17;"A";"0";1;414208.0
1000252;"M";"26-35";12;"C";"3";0;368795.0
1000253;"F";"26-35";11;"C";"1";0;258950.0
1000254;"M";"36-45";17;"C";"4+";0;114234.0
1000255;"M";"36-45";0;"C";"1";1;1455520.0
1000256;"M";"46-50";16;"C";"3";0;860460.0
1000257;"M";"18-25";18;"A";"1";0;445132.0
1000258;"M";"26-35";7;"C";"0";1;783920.0
1000259;"M";"26-35";1;"B";"4+";0;853248.0
1000260;"M";"18-25";19;"C";"1";0;1134519.0
1000261;"M";"26-35";20;"A";"4+";0;2043759.0
1000262;"F";"26-35";1;"C";"1";0;639825.0
1000263;"F";"26-35";7;"C";"1";0;507106.0
1000264;"M";"36-45";0;"B";"1";1;2115392.0
1000265;"F";"36-45";7;"A";"4+";1;414942.0
1000266;"M";"36-45";11;"C";"3";0;310213.0
1000267;"M";"46-50";12;"C";"1";1;590162.0
1000268;"F";"18-25";12;"C";"1";0;1248334.0
1000269;"M";"26-35";2;"A";"1";1;119678.0
1000270;"M";"51-55";14;"B";"2";1;922239.0
1000271;"M";"18-25";4;"C";"1";0;1975959.0
1000272;"M";"18-25";0;"A";"1";0;2852181.0
1000273;"M";"18-25";4;"B";"2";1;1240386.0
1000274;"M";"18-25";4;"A";"4+";0;866188.0
1000275;"M";"26-35";0;"C";"3";1;544855.0
1000276;"M";"46-50";16;"C";"4+";0;171897.0
1000277;"F";"36-45";1;"C";"2";0;176033.0
1000278;"M";"46-50";18;"C";"4+";1;859983.0
1000279;"M";"26-35";14;"C";"3";0;234045.0
1000280;"M";"51-55";7;"C";"0";1;189891.0
1000281;"F";"36-45";0;"A";"2";0;596211.0
1000282;"M";"26-35";17;"C";"4+";1;165095.0
1000283;"M";"26-35";0;"B";"1";0;244862.0
1000284;"M";"26-35";12;"B";"3";1;2253516.0
1000285;"F";"36-45";0;"A";"1";0;771976.0
1000286;"M";"26-35";1;"C";"3";0;246138.0
1000287;"M";"51-55";13;"B";"1";1;571098.0
1000289;"F";"26-35";0;"C";"1";0;457657.0
1000290;"F";"26-35";20;"C";"4+";0;161040.0
1000291;"M";"36-45";12;"B";"2";0;468257.0
1000292;"M";"36-45";7;"C";"0";1;258693.0
1000293;"M";"55+";1;"C";"1";1;1246978.0
1000294;"F";"46-50";9;"C";"3";1;127443.0
1000295;"M";"18-25";0;"C";"4+";0;1200333.0
1000296;"M";"51-55";5;"C";"4+";1;503233.0
1000297;"M";"18-25";2;"C";"3";1;578712.0
1000298;"F";"18-25";4;"C";"2";0;137272.0
1000299;"M";"26-35";12;"C";"4+";0;717925.0
1000300;"M";"26-35";7;"B";"4+";1;1789852.0
1000301;"M";"18-25";4;"B";"4+";0;1969774.0
1000302;"M";"18-25";4;"B";"4+";0;3225955.0
1000303;"M";"26-35";7;"C";"1";1;1090742.0
1000304;"M";"26-35";0;"B";"1";0;182842.0
1000305;"F";"18-25";0;"B";"3";1;510332.0
1000306;"M";"18-25";0;"C";"3";0;1181761.0
1000307;"M";"51-55";16;"B";"0";1;1324203.0
1000308;"M";"26-35";2;"A";"3";1;2790537.0
1000309;"M";"26-35";4;"B";"1";0;734933.0
1000310;"F";"18-25";4;"C";"1";0;932125.0
1000311;"M";"18-25";4;"C";"3";1;165653.0
1000312;"F";"51-55";2;"B";"0";0;258132.0
1000313;"F";"18-25";4;"A";"4+";0;128572.0
1000314;"F";"55+";9;"C";"1";0;1483498.0
1000315;"F";"55+";1;"A";"3";1;84882.0
1000316;"M";"55+";13;"C";"1";0;555750.0
1000317;"M";"36-45";7;"C";"3";0;120376.0
1000318;"F";"55+";13;"A";"1";1;121960.0
1000319;"F";"51-55";6;"B";"3";1;3292557.0
1000320;"M";"36-45";6;"C";"4+";0;91410.0
1000321;"M";"18-25";4;"B";"3";0;1363801.0
1000322;"M";"55+";17;"A";"3";1;180252.0
1000323;"M";"46-50";12;"C";"1";0;556238.0
1000324;"M";"36-45";17;"B";"0";1;432511.0
1000325;"F";"51-55";3;"A";"1";0;195135.0
1000326;"M";"51-55";11;"B";"1";1;1774938.0
1000327;"M";"36-45";18;"C";"4+";0;1257927.0
1000328;"M";"36-45";12;"C";"2";0;360181.0
1000329;"M";"36-45";7;"A";"1";0;3007097.0
1000330;"M";"55+";7;"C";"2";0;461751.0
1000331;"M";"26-35";7;"B";"1";0;3269826.0
1000332;"M";"51-55";1;"C";"3";1;411182.0
1000333;"M";"36-45";2;"A";"0";1;867140.0
1000334;"F";"55+";2;"A";"3";1;328953.0
1000335;"M";"36-45";18;"C";"0";1;775920.0
1000336;"M";"18-25";0;"C";"4+";0;745283.0
1000337;"M";"18-25";19;"C";"0";0;1098232.0
1000338;"M";"36-45";7;"A";"1";0;2027171.0
1000339;"M";"51-55";7;"C";"1";1;626114.0
1000340;"F";"26-35";3;"C";"1";1;471450.0
1000341;"F";"55+";13;"C";"2";1;138007.0
1000342;"M";"18-25";12;"C";"4+";0;758556.0
1000343;"F";"36-45";3;"B";"2";0;1664154.0
1000344;"M";"36-45";14;"C";"1";1;531840.0
1000345;"M";"26-35";12;"A";"2";1;154703.0
1000346;"F";"26-35";0;"B";"2";0;1537496.0
1000347;"F";"55+";1;"A";"1";0;511248.0
1000348;"M";"51-55";7;"B";"2";1;458613.0
1000349;"M";"0-17";10;"C";"0";0;1446070.0
1000350;"M";"46-50";20;"C";"3";0;364420.0
1000351;"M";"18-25";4;"A";"4+";0;735489.0
1000352;"M";"18-25";4;"A";"0";0;4355896.0
1000353;"F";"36-45";7;"C";"1";1;170841.0
1000354;"M";"36-45";1;"A";"1";0;281002.0
1000355;"M";"18-25";3;"B";"2";0;2378946.0
1000356;"M";"55+";20;"C";"0";1;142704.0
1000357;"M";"18-25";0;"A";"4+";0;331204.0
1000359;"M";"26-35";17;"B";"1";0;207019.0
1000360;"M";"36-45";17;"C";"1";0;421379.0
1000361;"F";"26-35";14;"B";"3";0;77684.0
1000362;"M";"36-45";20;"B";"1";0;248504.0
1000363;"M";"18-25";10;"B";"1";1;308134.0
1000364;"F";"36-45";1;"C";"3";0;94626.0
1000365;"F";"18-25";4;"A";"1";0;184104.0
1000366;"M";"51-55";15;"B";"1";1;1410122.0
1000368;"M";"26-35";0;"C";"1";0;2040034.0
1000369;"M";"36-45";1;"B";"2";0;323035.0
1000370;"M";"18-25";17;"C";"3";0;383580.0
1000371;"M";"18-25";4;"B";"4+";0;437078.0
1000372;"F";"18-25";4;"C";"2";0;1059484.0
1000373;"F";"26-35";2;"C";"1";1;209633.0
1000374;"F";"36-45";14;"C";"0";0;403295.0
1000375;"M";"26-35";2;"B";"1";0;299011.0
1000376;"M";"36-45";1;"C";"4+";1;534975.0
1000377;"M";"26-35";17;"B";"2";0;920708.0
1000378;"F";"18-25";0;"A";"1";1;183133.0
1000379;"F";"36-45";1;"C";"4+";0;382811.0
1000380;"M";"26-35";2;"C";"1";0;729418.0
1000381;"M";"36-45";17;"C";"2";0;259681.0
1000382;"F";"36-45";20;"B";"0";1;296761.0
1000383;"F";"26-35";7;"A";"4+";1;117923.0
1000384;"M";"26-35";11;"B";"3";1;169138.0
1000385;"M";"26-35";6;"C";"1";0;840720.0
1000386;"M";"26-35";0;"A";"1";1;1161267.0
1000387;"F";"36-45";7;"C";"0";0;365501.0
1000388;"F";"26-35";0;"B";"3";1;283740.0
1000389;"M";"26-35";6;"C";"0";0;400856.0
1000390;"M";"26-35";4;"A";"0";0;946897.0
1000391;"M";"46-50";11;"C";"2";1;431481.0
1000392;"M";"18-25";7;"A";"0";0;2219577.0
1000393;"M";"36-45";17;"C";"4+";0;335223.0
1000394;"M";"18-25";0;"C";"1";0;231657.0
1000395;"M";"18-25";5;"A";"0";0;65645.0
1000396;"M";"26-35";1;"C";"1";0;689518.0
1000397;"M";"36-45";17;"B";"2";0;234870.0
1000398;"M";"26-35";17;"B";"3";1;1257763.0
1000399;"F";"36-45";6;"B";"1";1;125042.0
1000400;"F";"18-25";3;"C";"2";1;223635.0
1000401;"M";"18-25";0;"B";"3";0;415368.0
1000402;"M";"26-35";11;"B";"1";1;1369174.0
1000403;"M";"18-25";4;"A";"2";0;1694874.0
1000404;"M";"18-25";4;"B";"1";0;291660.0
1000405;"M";"55+";1;"C";"2";0;202171.0
1000406;"M";"26-35";20;"A";"3";0;721522.0
1000407;"M";"18-25";17;"C";"1";0;162159.0
1000408;"M";"26-35";11;"A";"0";0;1010392.0
1000409;"M";"18-25";12;"B";"4+";0;1596446.0
1000410;"F";"26-35";1;"B";"4+";0;458754.0
1000411;"F";"46-50";1;"B";"0";1;2617687.0
1000412;"M";"36-45";15;"A";"1";1;2709935.0
1000413;"M";"26-35";11;"C";"0";0;508477.0
1000414;"M";"26-35";0;"C";"4+";0;283915.0
1000415;"F";"36-45";0;"A";"2";1;1397756.0
1000416;"M";"46-50";14;"C";"3";1;352175.0
1000417;"F";"26-35";0;"C";"0";1;171935.0
1000418;"F";"26-35";3;"B";"0";1;392719.0
1000419;"M";"18-25";3;"C";"1";0;642680.0
1000420;"M";"36-45";1;"A";"1";0;417124.0
1000421;"F";"46-50";3;"A";"1";1;133339.0
1000422;"M";"55+";17;"A";"4+";0;312281.0
1000423;"M";"18-25";4;"A";"1";0;243279.0
1000424;"M";"26-35";17;"A";"3";0;6573609.0
1000425;"M";"26-35";12;"B";"1";1;980360.0
1000426;"M";"18-25";4;"A";"1";1;1530944.0
1000427;"M";"36-45";12;"A";"2";0;127915.0
1000429;"M";"18-25";0;"C";"1";0;2001630.0
1000430;"F";"18-25";10;"C";"1";1;260170.0
1000431;"M";"18-25";10;"B";"3";0;442275.0
1000432;"M";"46-50";16;"C";"1";1;238459.0
1000433;"M";"51-55";6;"C";"3";1;188322.0
1000434;"F";"46-50";3;"C";"1";0;222709.0
1000435;"M";"26-35";7;"A";"4+";0;939617.0
1000436;"M";"18-25";4;"C";"1";0;797161.0
1000437;"M";"36-45";17;"C";"2";1;355512.0
1000438;"M";"18-25";11;"A";"3";0;2792161.0
1000439;"M";"36-45";14;"B";"3";1;550292.0
1000440;"M";"55+";1;"C";"2";1;155137.0
1000441;"M";"36-45";1;"B";"1";0;367148.0
1000442;"M";"26-35";1;"A";"2";0;2258560.0
1000443;"M";"26-35";3;"A";"0";1;249879.0
1000444;"M";"55+";0;"A";"3";0;624479.0
1000445;"M";"46-50";12;"A";"1";1;1584585.0
1000446;"F";"51-55";0;"C";"2";0;327057.0
1000447;"F";"46-50";11;"A";"1";0;167098.0
1000448;"M";"26-35";17;"C";"0";0;100961.0
1000449;"M";"26-35";7;"C";"3";0;299601.0
1000450;"M";"46-50";1;"C";"1";1;256616.0
1000451;"M";"55+";13;"C";"4+";1;1175712.0
1000452;"M";"51-55";17;"A";"3";1;860396.0
1000453;"M";"18-25";4;"B";"1";0;2249709.0
1000454;"M";"26-35";20;"C";"2";1;1163925.0
1000455;"F";"36-45";2;"A";"0";0;139887.0
1000456;"M";"36-45";0;"A";"0";0;925531.0
1000457;"M";"18-25";4;"B";"2";0;1259025.0
1000458;"M";"51-55";16;"C";"1";1;232568.0
1000459;"F";"18-25";4;"A";"3";0;130631.0
1000460;"M";"46-50";18;"C";"2";0;134146.0
1000461;"M";"51-55";7;"B";"0";0;2533900.0
1000462;"M";"18-25";16;"C";"1";1;954229.0
1000463;"M";"26-35";7;"A";"4+";1;400469.0
1000464;"F";"18-25";4;"A";"3";0;509284.0
1000465;"M";"18-25";19;"C";"2";0;130271.0
1000466;"M";"26-35";5;"A";"2";0;1121881.0
1000467;"F";"36-45";3;"B";"4+";1;276787.0
1000468;"F";"0-17";10;"B";"1";0;162635.0
1000469;"M";"36-45";6;"B";"0";1;296089.0
1000470;"F";"0-17";10;"C";"2";0;217114.0
1000471;"M";"36-45";7;"A";"3";0;696651.0
1000473;"F";"18-25";4;"A";"1";0;274284.0
1000474;"M";"26-35";17;"B";"1";0;1533961.0
1000476;"M";"36-45";0;"B";"0";0;2418970.0
1000477;"M";"36-45";14;"A";"1";0;1455400.0
1000478;"M";"51-55";16;"A";"2";0;246159.0
1000479;"M";"26-35";12;"C";"0";0;528144.0
1000480;"F";"18-25";4;"C";"1";0;510684.0
1000481;"M";"46-50";7;"C";"2";0;970092.0
1000482;"M";"26-35";14;"A";"2";1;3539411.0
1000483;"M";"18-25";12;"A";"4+";0;155651.0
1000484;"F";"0-17";10;"A";"2";0;165929.0
1000485;"M";"55+";7;"C";"2";1;224072.0
1000486;"M";"55+";0;"C";"0";0;223784.0
1000487;"F";"36-45";17;"B";"0";1;212744.0
1000488;"M";"26-35";12;"B";"2";1;149115.0
1000489;"M";"18-25";4;"A";"3";1;110421.0
1000490;"M";"0-17";10;"B";"1";0;429694.0
1000491;"M";"18-25";4;"C";"2";0;98030.0
1000492;"M";"26-35";12;"A";"0";0;111812.0
1000493;"M";"51-55";7;"C";"1";1;847881.0
1000495;"M";"18-25";10;"A";"1";0;288597.0
1000496;"M";"18-25";4;"A";"3";0;885377.0
1000497;"F";"26-35";17;"C";"0";0;147656.0
1000498;"M";"36-45";17;"A";"1";0;798943.0
1000499;"F";"26-35";1;"A";"1";0;1039288.0
1000500;"F";"18-25";2;"A";"0";0;351719.0
1000501;"M";"26-35";2;"C";"4+";1;323774.0
1000502;"M";"36-45";6;"B";"1";0;133861.0
1000503;"M";"36-45";11;"C";"0";1;166198.0
1000504;"M";"26-35";2;"C";"2";0;542744.0
1000505;"M";"36-45";17;"C";"2";1;700756.0
1000506;"M";"26-35";16;"C";"1";0;456450.0
1000507;"F";"26-35";0;"A";"4+";1;182769.0
1000508;"M";"26-35";12;"B";"0";0;867619.0
1000509;"M";"26-35";2;"A";"0";1;3700604.0
1000510;"M";"18-25";12;"C";"3";0;772191.0
1000511;"F";"46-50";4;"C";"1";1;129493.0
1000512;"M";"36-45";0;"C";"1";1;158309.0
1000513;"M";"26-35";0;"C";"4+";0;649629.0
1000514;"M";"26-35";2;"A";"1";1;611777.0
1000515;"M";"26-35";1;"A";"0";1;816456.0
1000516;"F";"55+";14;"C";"2";0;1211395.0
1000517;"F";"26-35";14;"A";"1";0;753403.0
1000518;"F";"36-45";12;"C";"4+";0;1371614.0
1000519;"F";"36-45";14;"C";"4+";1;217590.0
1000520;"F";"36-45";20;"A";"2";0;1525678.0
1000521;"M";"55+";7;"A";"2";0;239839.0
1000522;"M";"26-35";12;"C";"1";0;354616.0
1000523;"M";"51-55";7;"A";"1";1;594269.0
1000524;"M";"18-25";0;"A";"0";0;5212846.0
1000525;"M";"36-45";6;"C";"2";0;245538.0
1000526;"M";"46-50";17;"C";"1";1;429409.0
1000527;"F";"26-35";2;"B";"2";1;86847.0
1000529;"M";"36-45";12;"C";"1";0;741420.0
1000530;"M";"26-35";2;"A";"1";1;721232.0
1000531;"F";"18-25";14;"B";"0";0;3662030.0
1000532;"M";"26-35";7;"C";"2";0;188041.0
1000533;"M";"26-35";12;"A";"1";0;2940570.0
1000534;"M";"26-35";15;"B";"3";1;543185.0
1000535;"M";"36-45";6;"B";"3";1;100277.0
1000536;"M";"26-35";20;"C";"1";0;1407088.0
1000538;"M";"55+";16;"C";"2";1;379549.0
1000539;"M";"26-35";2;"C";"4+";0;943076.0
1000540;"M";"18-25";1;"B";"1";0;225269.0
1000541;"F";"18-25";4;"C";"3";0;975026.0
1000543;"M";"26-35";5;"B";"4+";1;3645949.0
1000544;"M";"36-45";12;"B";"2";0;471881.0
1000545;"M";"36-45";17;"C";"2";0;154036.0
1000546;"F";"26-35";0;"B";"0";0;898086.0
1000547;"M";"36-45";12;"B";"3";0;537942.0
1000548;"F";"36-45";16;"C";"1";1;587672.0
1000549;"M";"26-35";6;"A";"3";0;6310723.0
1000550;"M";"46-50";8;"B";"1";1;5327601.0
1000551;"M";"36-45";20;"A";"4+";1;1186481.0
1000552;"M";"51-55";18;"C";"3";1;676472.0
1000553;"M";"26-35";2;"B";"1";0;271979.0
1000554;"M";"26-35";12;"C";"0";1;126678.0
1000555;"M";"18-25";4;"B";"4+";0;285501.0
1000556;"F";"26-35";9;"B";"4+";0;1042396.0
1000557;"M";"55+";1;"A";"3";0;368912.0
1000559;"F";"26-35";7;"C";"1";0;96465.0
1000560;"M";"46-50";15;"C";"1";1;1116681.0
1000561;"F";"18-25";14;"C";"3";1;156604.0
1000562;"M";"36-45";20;"C";"2";0;250763.0
1000563;"M";"26-35";4;"A";"3";0;1587214.0
1000564;"M";"46-50";1;"C";"1";0;214222.0
1000565;"M";"26-35";16;"B";"0";0;100889.0
1000566;"M";"26-35";17;"A";"3";0;2114831.0
1000567;"M";"36-45";20;"C";"3";0;692946.0
1000568;"F";"51-55";17;"C";"1";1;213883.0
1000569;"F";"18-25";4;"C";"3";1;590043.0
1000570;"M";"26-35";4;"A";"4+";0;1217950.0
1000571;"M";"51-55";5;"C";"3";1;799254.0
1000572;"M";"18-25";4;"A";"0";0;60789.0
1000573;"F";"36-45";2;"B";"0";0;216145.0
1000574;"M";"26-35";19;"C";"4+";1;132332.0
1000575;"M";"26-35";12;"B";"0";1;1076873.0
1000576;"F";"46-50";15;"C";"1";1;383455.0
1000577;"M";"36-45";0;"A";"3";0;995681.0
1000578;"M";"18-25";17;"C";"3";0;155087.0
1000579;"M";"26-35";5;"C";"2";0;370959.0
1000580;"M";"0-17";10;"C";"1";0;260686.0
1000581;"M";"51-55";14;"C";"1";1;282311.0
1000582;"M";"18-25";4;"C";"4+";0;486957.0
1000583;"F";"26-35";0;"A";"4+";0;994853.0
1000584;"F";"26-35";0;"B";"1";0;252795.0
1000585;"M";"18-25";1;"A";"1";0;885031.0
1000586;"M";"36-45";14;"C";"3";1;245578.0
1000587;"M";"26-35";20;"B";"3";0;1363990.0
1000588;"F";"26-35";11;"B";"1";0;2439560.0
1000589;"M";"18-25";2;"A";"1";0;157733.0
1000590;"F";"36-45";6;"C";"1";0;971034.0
1000591;"M";"26-35";0;"C";"1";0;1046568.0
1000592;"M";"18-25";0;"A";"1";1;234872.0
1000593;"F";"51-55";1;"C";"4+";0;395559.0
1000594;"F";"55+";13;"B";"3";0;705129.0
1000595;"M";"26-35";7;"A";"1";0;543857.0
1000596;"F";"26-35";1;"C";"2";1;163720.0
1000597;"M";"36-45";12;"C";"3";1;322597.0
1000598;"M";"36-45";7;"C";"1";1;160192.0
1000599;"M";"51-55";6;"A";"3";1;163975.0
1000600;"M";"36-45";17;"C";"0";1;138725.0
1000601;"F";"18-25";20;"B";"3";1;1648223.0
1000602;"F";"55+";6;"C";"2";0;912293.0
1000603;"F";"26-35";6;"C";"1";1;376503.0
1000604;"M";"46-50";17;"C";"2";1;1807135.0
1000605;"F";"18-25";4;"C";"0";0;700407.0
1000606;"F";"0-17";10;"C";"2";0;181525.0
1000607;"M";"26-35";0;"C";"2";1;116019.0
1000608;"M";"18-25";4;"C";"3";1;718566.0
1000609;"M";"26-35";7;"B";"1";0;418486.0
1000610;"M";"26-35";4;"B";"1";0;672522.0
1000611;"M";"36-45";0;"C";"1";0;778813.0
1000612;"M";"51-55";7;"C";"1";0;304029.0
1000613;"M";"36-45";20;"C";"1";1;406846.0
1000615;"M";"51-55";17;"C";"3";0;708327.0
1000616;"M";"26-35";7;"B";"2";0;304304.0
1000617;"F";"26-35";7;"C";"1";0;138586.0
1000618;"M";"26-35";0;"B";"3";0;227620.0
1000619;"F";"18-25";1;"B";"0";0;137325.0
1000620;"M";"18-25";0;"A";"3";0;751094.0
1000622;"M";"26-35";0;"B";"1";1;394866.0
1000623;"M";"26-35";17;"C";"3";1;1066019.0
1000624;"M";"26-35";1;"B";"3";0;2126253.0
1000625;"F";"36-45";12;"C";"2";1;168018.0
1000626;"M";"18-25";4;"B";"4+";1;499249.0
1000627;"M";"51-55";2;"C";"2";1;235462.0
1000628;"F";"36-45";0;"C";"2";0;190723.0
1000629;"F";"0-17";10;"C";"2";0;982182.0
1000630;"F";"36-45";14;"C";"2";0;533034.0
1000631;"M";"36-45";17;"C";"3";1;1709733.0
1000632;"M";"46-50";17;"C";"2";0;198885.0
1000633;"M";"26-35";17;"B";"4+";0;276233.0
1000634;"F";"0-17";10;"C";"4+";0;397746.0
1000635;"M";"55+";17;"C";"4+";1;764450.0
1000636;"M";"18-25";20;"C";"4+";0;677625.0
1000637;"M";"36-45";12;"B";"2";1;1859809.0
1000638;"M";"26-35";6;"C";"1";1;540502.0
1000639;"M";"46-50";17;"B";"2";1;2205672.0
1000640;"M";"18-25";4;"C";"2";1;131545.0
1000641;"F";"36-45";0;"A";"2";1;704608.0
1000642;"F";"36-45";1;"C";"1";0;180949.0
1000643;"M";"26-35";2;"C";"0";1;231193.0
1000644;"M";"26-35";20;"C";"2";1;551849.0
1000645;"M";"36-45";20;"A";"2";0;306771.0
1000646;"M";"36-45";7;"C";"2";0;1824299.0
1000647;"M";"36-45";12;"B";"1";1;1188757.0
1000648;"F";"26-35";12;"B";"1";1;908693.0
1000649;"M";"26-35";4;"B";"2";1;470229.0
1000650;"M";"26-35";17;"C";"2";1;353832.0
1000651;"M";"36-45";7;"B";"2";0;2690864.0
1000652;"M";"18-25";20;"C";"3";0;680293.0
1000653;"M";"55+";13;"C";"3";0;111776.0
1000654;"M";"51-55";7;"C";"4+";1;1125876.0
1000655;"F";"26-35";2;"B";"2";0;1416120.0
1000656;"F";"46-50";16;"C";"3";1;872746.0
1000657;"F";"51-55";13;"C";"1";0;281715.0
1000658;"F";"26-35";0;"B";"1";0;436699.0
1000659;"F";"26-35";0;"C";"4+";0;541914.0
1000661;"M";"46-50";1;"C";"2";1;539307.0
1000662;"M";"18-25";4;"B";"2";0;581960.0
1000663;"F";"26-35";7;"A";"1";0;652623.0
1000664;"M";"36-45";18;"C";"2";1;940371.0
1000665;"M";"18-25";2;"C";"4+";1;122217.0
1000666;"F";"18-25";0;"C";"2";0;571074.0
1000667;"M";"26-35";18;"C";"2";1;820045.0
1000668;"F";"26-35";3;"C";"2";0;263331.0
1000669;"M";"26-35";17;"B";"2";0;2553500.0
1000670;"M";"26-35";12;"B";"3";1;408086.0
1000671;"M";"18-25";4;"C";"0";0;987638.0
1000672;"M";"36-45";7;"C";"4+";1;318478.0
1000673;"M";"26-35";20;"A";"4+";0;1527383.0
1000674;"M";"26-35";17;"C";"4+";0;695104.0
1000675;"M";"26-35";20;"C";"1";1;154311.0
1000676;"M";"18-25";16;"B";"1";1;1657010.0
1000677;"M";"51-55";2;"B";"1";1;976018.0
1000678;"M";"26-35";0;"A";"0";1;4998133.0
1000679;"M";"36-45";16;"C";"4+";1;519796.0
1000680;"M";"26-35";12;"C";"1";0;187350.0
1000681;"M";"36-45";7;"C";"3";1;220000.0
1000682;"M";"26-35";4;"C";"1";0;558836.0
1000683;"M";"26-35";4;"A";"3";1;284790.0
1000685;"M";"26-35";4;"A";"1";1;621455.0
1000686;"M";"18-25";4;"A";"1";1;146182.0
1000687;"F";"26-35";7;"C";"4+";0;1663970.0
1000688;"M";"55+";13;"C";"2";1;189431.0
1000689;"F";"51-55";0;"A";"0";1;609105.0
1000690;"M";"26-35";12;"C";"3";0;1088071.0
1000691;"M";"36-45";11;"B";"2";1;603718.0
1000692;"F";"26-35";0;"A";"0";1;3630189.0
1000693;"M";"36-45";12;"A";"4+";1;416518.0
1000694;"M";"18-25";4;"A";"4+";0;137199.0
1000695;"F";"18-25";1;"A";"2";0;1097834.0
1000697;"F";"51-55";6;"A";"3";1;652657.0
1000698;"M";"18-25";4;"A";"1";0;1319767.0
1000700;"M";"51-55";17;"C";"1";1;226527.0
1000701;"F";"18-25";4;"B";"0";0;350283.0
1000702;"M";"36-45";7;"B";"2";1;1994097.0
1000703;"F";"55+";1;"C";"2";1;102328.0
1000704;"F";"36-45";8;"C";"2";0;320894.0
1000705;"M";"26-35";4;"C";"0";1;684297.0
1000706;"M";"36-45";20;"B";"2";0;575543.0
1000707;"M";"36-45";7;"C";"1";0;401749.0
1000708;"M";"26-35";0;"C";"2";0;58625.0
1000709;"M";"18-25";0;"C";"1";0;272784.0
1000710;"M";"26-35";20;"A";"4+";0;4647555.0
1000711;"M";"26-35";18;"A";"4+";0;847538.0
1000712;"M";"26-35";0;"B";"2";0;1789875.0
1000713;"M";"36-45";7;"B";"3";0;1379308.0
1000714;"M";"18-25";4;"B";"2";0;2766413.0
1000715;"M";"18-25";0;"B";"1";0;550777.0
1000717;"M";"26-35";11;"C";"0";0;191972.0
1000718;"M";"18-25";2;"C";"2";0;931448.0
1000719;"M";"0-17";0;"C";"4+";0;137902.0
1000720;"M";"18-25";0;"B";"0";0;1099069.0
1000721;"F";"36-45";9;"B";"1";0;3513729.0
1000722;"M";"26-35";12;"B";"4+";0;319721.0
1000723;"M";"26-35";12;"C";"3";1;117807.0
1000724;"M";"51-55";13;"B";"2";1;783550.0
1000725;"M";"55+";11;"A";"1";0;377891.0
1000726;"F";"26-35";9;"C";"0";1;317086.0
1000727;"M";"36-45";11;"B";"4+";1;1211978.0
1000728;"M";"26-35";6;"C";"4+";0;727954.0
1000729;"M";"36-45";12;"C";"0";0;1164036.0
1000730;"M";"26-35";0;"C";"4+";1;357978.0
1000731;"M";"46-50";3;"A";"0";1;2708798.0
1000732;"M";"26-35";7;"B";"4+";0;851948.0
1000733;"M";"36-45";16;"C";"1";1;613928.0
1000734;"M";"26-35";7;"C";"1";1;202452.0
1000735;"M";"26-35";14;"A";"3";0;1989971.0
1000736;"M";"18-25";12;"C";"0";1;770661.0
1000737;"M";"0-17";19;"A";"2";0;1268781.0
1000738;"M";"18-25";17;"C";"1";0;228810.0
1000739;"M";"36-45";12;"C";"3";0;952905.0
1000740;"M";"26-35";14;"C";"1";0;249478.0
1000741;"M";"26-35";5;"C";"1";1;270881.0
1000742;"M";"18-25";0;"C";"1";0;291407.0
1000743;"F";"0-17";2;"A";"2";0;566838.0
1000744;"M";"26-35";17;"B";"2";0;1590080.0
1000745;"M";"0-17";10;"C";"2";0;99920.0
1000746;"F";"18-25";19;"B";"3";0;1964817.0
1000747;"M";"18-25";4;"C";"4+";1;246522.0
1000748;"M";"26-35";0;"C";"4+";0;449478.0
1000749;"M";"36-45";18;"B";"0";0;1991515.0
1000750;"F";"36-45";9;"B";"4+";1;301150.0
1000751;"F";"26-35";17;"C";"3";0;167733.0
1000752;"F";"26-35";3;"A";"3";0;3917492.0
1000753;"M";"0-17";10;"C";"1";0;1220645.0
1000754;"M";"36-45";7;"C";"3";0;1089328.0
1000755;"F";"36-45";0;"B";"3";1;709951.0
1000756;"M";"36-45";0;"C";"2";0;257775.0
1000757;"M";"26-35";12;"A";"1";0;2295741.0
1000758;"M";"36-45";7;"C";"3";1;191372.0
1000759;"F";"55+";3;"C";"1";0;405079.0
1000760;"M";"55+";15;"A";"4+";1;300758.0
1000761;"M";"18-25";7;"C";"3";0;154001.0
1000762;"M";"0-17";10;"C";"2";0;280667.0
1000763;"M";"18-25";10;"C";"3";0;168970.0
1000764;"M";"18-25";20;"C";"2";0;901215.0
1000765;"M";"26-35";17;"B";"1";0;2157012.0
1000766;"F";"26-35";7;"C";"3";1;203258.0
1000767;"M";"26-35";12;"C";"1";0;995674.0
1000768;"M";"26-35";12;"C";"2";1;348216.0
1000769;"M";"46-50";17;"C";"4+";1;393535.0
1000770;"M";"18-25";4;"B";"2";1;3391044.0
1000771;"F";"51-55";1;"C";"0";0;116906.0
1000772;"M";"18-25";12;"C";"2";0;560484.0
1000773;"M";"26-35";6;"B";"3";0;259351.0
1000774;"M";"18-25";4;"A";"4+";0;1215237.0
1000775;"M";"0-17";17;"C";"1";0;108504.0
1000776;"F";"26-35";3;"B";"1";0;442338.0
1000777;"M";"18-25";19;"B";"1";0;1963785.0
1000778;"M";"18-25";17;"C";"4+";0;1214811.0
1000779;"M";"26-35";0;"B";"2";1;215086.0
1000780;"M";"26-35";17;"B";"3";0;3035908.0
1000782;"M";"55+";1;"C";"4+";0;154246.0
1000783;"M";"26-35";4;"A";"2";0;880507.0
1000784;"M";"18-25";0;"C";"1";0;136635.0
1000785;"M";"18-25";19;"C";"4+";0;789149.0
1000786;"M";"26-35";0;"C";"2";0;489448.0
1000787;"M";"18-25";4;"C";"2";0;560053.0
1000788;"M";"26-35";0;"C";"1";0;1129232.0
1000789;"M";"18-25";1;"B";"3";1;528098.0
1000790;"M";"26-35";17;"C";"1";0;143636.0
1000791;"M";"36-45";7;"B";"1";0;1932290.0
1000792;"M";"26-35";17;"B";"2";0;529174.0
1000793;"F";"36-45";14;"C";"1";0;768741.0
1000794;"M";"51-55";20;"C";"2";1;194747.0
1000795;"F";"36-45";14;"B";"1";0;559717.0
1000796;"M";"51-55";6;"B";"4+";1;1875821.0
1000797;"F";"51-55";7;"C";"1";0;387593.0
1000798;"F";"26-35";20;"C";"1";1;1530451.0
1000799;"F";"26-35";5;"C";"3";1;226774.0
1000801;"F";"26-35";20;"C";"4+";0;1374553.0
1000802;"M";"26-35";16;"B";"1";0;3136298.0
1000803;"M";"18-25";4;"C";"0";0;428406.0
1000804;"M";"26-35";20;"C";"0";0;201161.0
1000805;"M";"36-45";12;"B";"1";0;407088.0
1000806;"M";"36-45";0;"C";"3";1;442504.0
1000807;"M";"18-25";4;"C";"2";0;152576.0
1000808;"M";"26-35";7;"B";"1";1;1282348.0
1000809;"M";"26-35";17;"C";"1";0;505430.0
1000810;"M";"26-35";12;"C";"4+";0;833537.0
1000811;"M";"51-55";0;"A";"0";1;392815.0
1000812;"M";"26-35";6;"C";"2";0;458736.0
1000813;"M";"18-25";4;"C";"1";1;210764.0
1000814;"F";"18-25";4;"B";"1";0;270810.0
1000816;"M";"46-50";0;"C";"2";0;1096272.0
1000817;"M";"18-25";4;"B";"2";0;2439290.0
1000818;"M";"18-25";4;"C";"2";0;957886.0
1000819;"M";"36-45";7;"A";"1";0;403519.0
1000820;"M";"36-45";7;"A";"1";0;730066.0
1000821;"M";"18-25";2;"C";"2";0;82484.0
1000822;"F";"26-35";1;"B";"0";1;1298873.0
1000823;"M";"26-35";0;"C";"1";0;573436.0
1000824;"M";"36-45";12;"A";"2";1;1537297.0
1000825;"M";"55+";1;"C";"4+";1;151520.0
1000826;"F";"36-45";1;"C";"1";1;178480.0
1000827;"M";"46-50";2;"C";"4+";1;133845.0
1000828;"M";"18-25";4;"C";"2";0;523285.0
1000829;"M";"0-17";19;"A";"2";0;982611.0
1000830;"M";"36-45";7;"A";"3";0;912814.0
1000831;"F";"46-50";0;"C";"2";1;273297.0
1000832;"M";"18-25";2;"C";"4+";0;675540.0
1000833;"M";"36-45";7;"C";"1";1;126865.0
1000834;"F";"36-45";12;"C";"0";0;312523.0
1000835;"M";"55+";0;"C";"1";0;113584.0
1000836;"M";"26-35";11;"A";"4+";0;209372.0
1000837;"M";"55+";7;"C";"1";1;420822.0
1000838;"M";"51-55";17;"C";"0";0;1062593.0
1000839;"M";"26-35";0;"A";"2";0;4681205.0
1000840;"F";"26-35";3;"C";"1";1;1263144.0
1000841;"F";"51-55";14;"C";"1";0;125438.0
1000842;"F";"18-25";0;"B";"3";0;162002.0
1000843;"M";"26-35";7;"B";"2";1;541222.0
1000844;"M";"26-35";0;"B";"3";1;478752.0
1000845;"F";"18-25";0;"A";"2";0;282390.0
1000846;"M";"26-35";5;"C";"3";1;1438458.0
1000847;"F";"26-35";7;"B";"1";1;194540.0
1000848;"M";"26-35";15;"B";"0";0;347165.0
1000849;"M";"26-35";3;"B";"2";1;429999.0
1000850;"M";"36-45";0;"A";"3";1;2589159.0
1000851;"M";"18-25";4;"B";"1";0;512182.0
1000852;"M";"26-35";5;"C";"1";0;139975.0
1000853;"M";"26-35";17;"B";"4+";0;775391.0
1000854;"F";"26-35";16;"B";"1";0;2171385.0
1000855;"F";"18-25";2;"A";"2";1;2523778.0
1000856;"F";"46-50";6;"B";"1";0;291934.0
1000857;"M";"36-45";17;"C";"3";1;396537.0
1000858;"M";"36-45";14;"B";"4+";0;1054410.0
1000859;"M";"26-35";12;"B";"4+";1;717830.0
1000860;"M";"18-25";0;"C";"0";0;139334.0
1000861;"M";"26-35";7;"C";"0";0;456026.0
1000862;"M";"36-45";7;"A";"0";1;536555.0
1000863;"M";"26-35";7;"C";"4+";0;573792.0
1000864;"F";"26-35";0;"B";"3";0;619706.0
1000865;"M";"36-45";1;"C";"4+";1;325815.0
1000866;"M";"0-17";10;"C";"2";0;158901.0
1000867;"M";"46-50";12;"C";"1";1;234652.0
1000868;"M";"51-55";17;"C";"4+";0;267776.0
1000869;"M";"18-25";20;"A";"4+";1;4255176.0
1000870;"F";"26-35";1;"B";"4+";1;130403.0
1000871;"M";"0-17";10;"B";"1";0;274355.0
1000872;"M";"51-55";1;"B";"3";1;603122.0
1000873;"M";"55+";6;"C";"3";1;941438.0
1000874;"M";"46-50";15;"C";"2";1;96829.0
1000875;"M";"0-17";10;"C";"4+";0;432366.0
1000876;"M";"26-35";4;"B";"1";0;818160.0
1000877;"M";"26-35";0;"B";"1";1;3368150.0
1000878;"M";"18-25";2;"C";"2";0;274379.0
1000879;"M";"46-50";16;"C";"1";0;230694.0
1000880;"M";"36-45";17;"A";"1";0;690889.0
1000881;"M";"18-25";14;"A";"1";0;4054485.0
1000882;"M";"18-25";2;"C";"4+";0;632518.0
1000883;"F";"36-45";14;"C";"0";0;175724.0
1000884;"M";"0-17";10;"C";"3";0;615705.0
1000885;"M";"36-45";0;"A";"2";0;367837.0
1000886;"F";"55+";0;"C";"2";1;190384.0
1000887;"F";"55+";16;"B";"3";1;468896.0
1000888;"F";"0-17";10;"C";"1";0;492236.0
1000889;"M";"46-50";20;"A";"1";0;5499872.0
1000890;"M";"18-25";4;"C";"4+";0;1312940.0
1000891;"M";"26-35";1;"C";"4+";0;1246592.0
1000892;"M";"36-45";0;"C";"1";0;178414.0
1000894;"M";"18-25";4;"C";"0";0;520020.0
1000895;"M";"51-55";1;"C";"1";1;281695.0
1000896;"M";"18-25";15;"C";"3";1;366027.0
1000897;"M";"26-35";6;"B";"4+";0;974990.0
1000898;"M";"26-35";7;"B";"2";0;146304.0
1000899;"F";"26-35";1;"B";"3";1;1467700.0
1000900;"F";"55+";13;"C";"2";1;102937.0
1000901;"F";"55+";0;"C";"0";1;111505.0
1000902;"M";"55+";0;"C";"1";1;120497.0
1000903;"M";"55+";13;"C";"2";1;424531.0
1000904;"M";"36-45";20;"B";"4+";0;1226842.0
1000905;"F";"46-50";12;"C";"1";0;828359.0
1000906;"M";"0-17";10;"C";"1";0;92214.0
1000907;"F";"46-50";6;"C";"1";1;175660.0
1000908;"F";"51-55";1;"A";"3";0;184252.0
1000909;"M";"46-50";7;"C";"2";0;469009.0
1000910;"F";"51-55";0;"B";"1";1;864312.0
1000911;"M";"51-55";0;"B";"3";1;3102034.0
1000912;"F";"36-45";2;"B";"1";0;282647.0
1000913;"M";"26-35";0;"C";"2";0;288043.0
1000914;"F";"36-45";9;"C";"2";0;303251.0
1000915;"M";"26-35";7;"C";"2";0;441432.0
1000916;"F";"26-35";1;"B";"1";1;349993.0
1000917;"M";"51-55";6;"C";"2";1;273438.0
1000918;"F";"46-50";1;"C";"1";0;562221.0
1000919;"F";"36-45";1;"C";"1";0;1604795.0
1000920;"M";"18-25";4;"C";"4+";0;542161.0
1000921;"M";"26-35";17;"B";"1";0;855629.0
1000922;"M";"55+";16;"B";"2";1;2096679.0
1000923;"M";"26-35";7;"C";"3";1;199197.0
1000924;"M";"51-55";17;"C";"1";1;1139632.0
1000925;"F";"36-45";3;"A";"2";0;264810.0
1000926;"M";"0-17";10;"C";"1";0;703571.0
1000927;"F";"26-35";20;"C";"1";1;751040.0
1000928;"F";"55+";16;"C";"4+";1;1223808.0
1000929;"M";"26-35";15;"A";"1";0;1951310.0
1000930;"M";"26-35";5;"C";"1";1;549999.0
1000931;"F";"55+";1;"C";"0";0;788775.0
1000932;"F";"36-45";6;"C";"0";0;121848.0
1000933;"M";"46-50";1;"C";"3";1;309642.0
1000934;"F";"36-45";7;"A";"0";0;1952022.0
1000936;"M";"18-25";4;"C";"4+";0;449050.0
1000937;"M";"26-35";15;"A";"2";1;2182748.0
1000939;"F";"26-35";20;"C";"2";0;900006.0
1000940;"M";"0-17";10;"C";"4+";0;607331.0
1000941;"M";"18-25";20;"C";"1";0;110552.0
1000942;"F";"51-55";6;"C";"4+";1;146316.0
1000943;"F";"46-50";12;"C";"0";1;409682.0
1000944;"M";"36-45";0;"A";"3";1;289863.0
1000945;"M";"46-50";7;"C";"3";0;916637.0
1000946;"M";"36-45";7;"C";"1";1;204398.0
1000947;"M";"18-25";0;"C";"0";0;62826.0
1000949;"M";"51-55";17;"B";"4+";1;2737633.0
1000950;"M";"36-45";7;"C";"4+";1;329631.0
1000951;"M";"46-50";2;"B";"4+";1;158099.0
1000952;"M";"55+";16;"C";"0";1;848839.0
1000953;"M";"51-55";20;"B";"1";1;1532454.0
1000954;"F";"26-35";0;"B";"1";1;633417.0
1000955;"F";"51-55";7;"B";"1";1;1800422.0
1000956;"M";"36-45";1;"A";"3";1;560005.0
1000957;"M";"36-45";1;"C";"2";1;1782588.0
1000958;"M";"36-45";2;"C";"3";0;785753.0
1000959;"M";"51-55";11;"C";"1";0;556160.0
1000960;"M";"0-17";10;"C";"4+";0;671146.0
1000961;"M";"18-25";10;"A";"2";0;231858.0
1000962;"F";"26-35";1;"C";"1";1;303766.0
1000963;"M";"26-35";0;"A";"0";1;2166829.0
1000964;"M";"26-35";7;"B";"1";1;277524.0
1000965;"M";"55+";7;"B";"0";1;300739.0
1000966;"M";"55+";2;"C";"4+";0;702763.0
1000967;"F";"18-25";0;"B";"3";0;375706.0
1000968;"M";"51-55";12;"A";"4+";1;347033.0
1000969;"F";"26-35";11;"C";"3";1;179103.0
1000970;"M";"26-35";0;"B";"4+";1;2740505.0
1000971;"M";"26-35";12;"B";"2";1;1272979.0
1000972;"M";"46-50";1;"A";"3";0;185059.0
1000973;"F";"26-35";1;"C";"1";1;880686.0
1000974;"M";"36-45";19;"C";"3";0;409260.0
1000975;"M";"36-45";0;"B";"2";1;2039720.0
1000976;"M";"36-45";14;"C";"4+";1;308773.0
1000977;"M";"26-35";2;"C";"0";0;1461912.0
1000978;"M";"18-25";0;"C";"1";0;187750.0
1000979;"M";"0-17";10;"A";"1";0;545760.0
1000980;"M";"26-35";6;"C";"2";1;648108.0
1000981;"M";"26-35";20;"B";"2";1;961178.0
1000982;"F";"26-35";9;"C";"4+";0;263937.0
1000983;"F";"26-35";16;"C";"2";1;526888.0
1000984;"M";"51-55";16;"A";"2";1;3393955.0
1000985;"M";"26-35";4;"C";"0";0;1207140.0
1000986;"F";"55+";0;"C";"1";1;64636.0
1000987;"F";"36-45";17;"C";"0";0;860607.0
1000988;"M";"51-55";11;"B";"4+";0;346054.0
1000989;"M";"51-55";0;"C";"4+";1;206362.0
1000990;"M";"18-25";6;"C";"2";0;492476.0
1000991;"F";"26-35";9;"A";"3";1;253223.0
1000992;"F";"36-45";3;"B";"2";0;146216.0
1000993;"M";"26-35";0;"C";"1";0;303318.0
1000995;"F";"18-25";4;"C";"3";0;237680.0
1000996;"M";"26-35";17;"A";"4+";1;2012621.0
1000997;"M";"0-17";19;"C";"2";0;165351.0
1000998;"M";"46-50";20;"A";"0";1;829402.0
1000999;"M";"26-35";15;"B";"2";0;2312495.0
1001000;"F";"26-35";6;"B";"1";0;719291.0
1001002;"M";"51-55";11;"B";"1";0;333246.0
1001003;"M";"26-35";2;"C";"0";0;213990.0
1001004;"M";"26-35";3;"B";"2";0;2406102.0
1001005;"M";"36-45";11;"C";"1";0;672401.0
1001006;"M";"18-25";4;"C";"4+";0;222013.0
1001008;"M";"36-45";3;"C";"1";0;264365.0
1001009;"M";"51-55";7;"C";"1";1;260814.0
1001010;"M";"26-35";0;"A";"1";0;3770941.0
1001011;"M";"26-35";8;"C";"4+";1;259539.0
1001012;"F";"36-45";1;"C";"0";0;260041.0
1001013;"M";"55+";13;"C";"1";0;221755.0
1001015;"M";"36-45";3;"A";"4+";1;6511314.0
1001016;"M";"55+";16;"C";"3";0;724997.0
1001017;"M";"36-45";0;"B";"2";0;2306041.0
1001018;"M";"18-25";4;"A";"4+";0;863450.0
1001019;"M";"36-45";1;"A";"4+";1;3786677.0
1001021;"M";"36-45";0;"C";"3";0;993817.0
1001022;"M";"26-35";3;"C";"2";0;585434.0
1001023;"M";"55+";13;"C";"2";1;164556.0
1001024;"F";"36-45";1;"C";"1";0;187525.0
1001025;"M";"26-35";16;"C";"3";1;196993.0
1001026;"F";"46-50";0;"C";"1";1;340061.0
1001027;"M";"18-25";4;"B";"1";0;261249.0
1001028;"F";"46-50";7;"C";"0";1;307279.0
1001029;"M";"26-35";0;"B";"0";0;1096528.0
1001030;"M";"26-35";7;"C";"2";1;1187018.0
1001031;"M";"36-45";16;"C";"2";1;1486649.0
1001032;"M";"51-55";16;"C";"0";1;542563.0
1001033;"M";"26-35";5;"B";"1";0;970506.0
1001035;"M";"18-25";2;"C";"1";1;616438.0
1001036;"M";"36-45";7;"C";"1";0;341392.0
1001037;"M";"46-50";7;"C";"1";1;140292.0
1001038;"F";"55+";15;"C";"2";1;673318.0
1001039;"F";"36-45";1;"C";"3";0;89488.0
1001040;"M";"26-35";11;"C";"1";1;1447480.0
1001041;"M";"46-50";2;"B";"2";0;593181.0
1001042;"M";"36-45";5;"C";"3";1;206519.0
1001043;"F";"51-55";11;"C";"4+";0;263619.0
1001044;"M";"26-35";20;"A";"0";0;731594.0
1001045;"F";"0-17";10;"C";"2";0;85482.0
1001046;"M";"55+";18;"C";"2";1;189234.0
1001047;"M";"18-25";0;"B";"4+";0;548784.0
1001048;"M";"36-45";6;"C";"4+";0;210284.0
1001049;"M";"46-50";14;"C";"3";1;127723.0
1001050;"M";"26-35";1;"B";"1";0;2128292.0
1001051;"F";"26-35";0;"A";"0";1;4003498.0
1001052;"F";"36-45";2;"C";"1";0;452110.0
1001053;"M";"36-45";0;"C";"2";1;2179724.0
1001054;"M";"0-17";10;"C";"1";0;690207.0
1001055;"M";"36-45";0;"A";"1";1;378094.0
1001056;"M";"0-17";0;"C";"1";0;329556.0
1001057;"M";"46-50";17;"B";"1";1;943918.0
1001058;"M";"26-35";1;"B";"2";0;2114670.0
1001059;"F";"26-35";0;"B";"3";0;1993125.0
1001060;"M";"18-25";10;"C";"1";0;557358.0
1001061;"M";"46-50";0;"C";"0";1;244118.0
1001062;"M";"51-55";19;"C";"3";0;1174704.0
1001063;"M";"36-45";7;"B";"1";0;697671.0
1001064;"M";"26-35";7;"C";"1";0;619392.0
1001065;"F";"26-35";0;"B";"3";0;424186.0
1001066;"M";"46-50";12;"C";"3";1;609772.0
1001067;"M";"36-45";12;"B";"3";1;587122.0
1001068;"F";"18-25";4;"B";"2";0;2839401.0
1001069;"M";"26-35";20;"A";"4+";0;2503980.0
1001070;"F";"46-50";2;"B";"1";1;135687.0
1001071;"M";"51-55";16;"C";"0";0;995665.0
1001072;"F";"36-45";7;"C";"2";0;564641.0
1001073;"F";"26-35";6;"C";"4+";0;613353.0
1001074;"M";"46-50";17;"A";"4+";1;812544.0
1001075;"F";"26-35";6;"A";"1";1;315665.0
1001076;"F";"26-35";3;"C";"1";1;214123.0
1001077;"M";"26-35";3;"A";"1";0;1766607.0
1001078;"F";"46-50";9;"C";"1";1;518491.0
1001079;"M";"26-35";7;"A";"0";0;788064.0
1001080;"M";"55+";7;"C";"1";1;270548.0
1001081;"M";"18-25";4;"C";"1";1;275184.0
1001083;"M";"55+";0;"B";"1";1;98430.0
1001084;"M";"0-17";19;"C";"0";0;955458.0
1001085;"M";"26-35";7;"C";"2";1;187922.0
1001086;"M";"18-25";4;"A";"2";0;1891268.0
1001087;"M";"26-35";16;"B";"1";0;2229949.0
1001088;"F";"0-17";10;"A";"3";0;5628655.0
1001089;"M";"36-45";6;"C";"2";1;503267.0
1001090;"M";"26-35";7;"C";"1";1;434848.0
1001091;"M";"18-25";5;"C";"0";0;157346.0
1001092;"F";"18-25";4;"C";"2";0;286256.0
1001093;"M";"51-55";14;"C";"2";1;503654.0
1001094;"F";"18-25";0;"C";"1";0;894377.0
1001095;"F";"55+";6;"C";"3";0;129914.0
1001096;"M";"0-17";10;"C";"1";0;863890.0
1001097;"M";"18-25";17;"A";"4+";0;868582.0
1001098;"M";"36-45";7;"C";"4+";1;191883.0
1001099;"M";"26-35";17;"C";"4+";0;1004085.0
1001100;"M";"26-35";0;"B";"0";1;1352196.0
1001101;"M";"36-45";1;"A";"1";0;2685259.0
1001102;"M";"18-25";1;"A";"2";0;64520.0
1001103;"F";"46-50";7;"C";"2";0;330845.0
1001104;"M";"36-45";11;"A";"1";0;320630.0
1001106;"M";"18-25";4;"C";"2";0;459086.0
1001107;"F";"51-55";1;"C";"1";1;314641.0
1001108;"M";"55+";1;"B";"2";0;244289.0
1001109;"M";"18-25";10;"C";"1";0;892989.0
1001110;"F";"55+";6;"B";"3";1;276009.0
1001111;"F";"51-55";16;"C";"1";1;161549.0
1001112;"M";"18-25";6;"A";"4+";0;3237946.0
1001113;"M";"18-25";4;"B";"3";0;1977904.0
1001114;"F";"18-25";9;"A";"2";0;595105.0
1001115;"F";"26-35";1;"C";"0";0;450241.0
1001116;"M";"26-35";15;"B";"3";0;639799.0
1001117;"M";"18-25";14;"B";"3";0;4315927.0
1001118;"M";"51-55";13;"C";"1";1;122962.0
1001119;"M";"36-45";1;"B";"2";1;2399110.0
1001120;"M";"18-25";4;"A";"0";1;3591478.0
1001121;"M";"55+";7;"C";"4+";1;1537625.0
1001122;"M";"55+";14;"C";"0";1;649956.0
1001124;"M";"26-35";2;"B";"4+";1;2110422.0
1001125;"F";"18-25";4;"B";"2";0;2877834.0
1001126;"M";"55+";16;"C";"0";0;122956.0
1001127;"M";"26-35";0;"C";"1";0;756536.0
1001128;"M";"26-35";1;"A";"2";0;2290727.0
1001129;"M";"36-45";17;"C";"2";0;700787.0
1001130;"M";"18-25";7;"C";"1";0;1578763.0
1001131;"M";"55+";13;"C";"4+";1;625170.0
1001132;"M";"18-25";12;"A";"1";1;1324366.0
1001133;"M";"18-25";2;"C";"0";0;1022810.0
1001134;"M";"18-25";20;"C";"1";0;1008845.0
1001135;"M";"51-55";13;"C";"1";1;1248725.0
1001136;"F";"36-45";7;"C";"3";0;279637.0
1001137;"M";"18-25";4;"B";"4+";0;2709477.0
1001138;"M";"18-25";12;"C";"4+";0;463795.0
1001139;"M";"26-35";1;"C";"2";0;1140991.0
1001140;"F";"46-50";2;"B";"2";1;1781365.0
1001141;"F";"26-35";3;"B";"1";1;1942035.0
1001142;"M";"18-25";1;"B";"1";0;1263960.0
1001143;"M";"51-55";7;"C";"4+";1;284304.0
1001144;"M";"26-35";7;"B";"4+";0;141744.0
1001145;"M";"51-55";3;"A";"2";1;267263.0
1001146;"F";"18-25";16;"B";"2";1;1608693.0
1001147;"M";"26-35";20;"B";"3";1;1559739.0
1001148;"M";"36-45";17;"C";"1";1;250020.0
1001149;"M";"26-35";12;"A";"1";1;479990.0
1001150;"F";"26-35";20;"A";"1";0;4728932.0
1001151;"M";"26-35";15;"C";"2";1;1929222.0
1001152;"M";"18-25";4;"C";"2";0;675117.0
1001153;"M";"18-25";10;"C";"0";0;283359.0
1001154;"F";"0-17";10;"C";"2";0;151803.0
1001155;"M";"26-35";12;"C";"0";0;1186426.0
1001156;"F";"51-55";2;"A";"4+";0;335260.0
1001157;"M";"46-50";7;"C";"1";0;161466.0
1001158;"F";"36-45";1;"C";"2";1;323356.0
1001159;"M";"18-25";0;"C";"3";1;630441.0
1001160;"M";"18-25";14;"C";"1";0;475062.0
1001161;"M";"26-35";0;"A";"1";0;503196.0
1001162;"F";"36-45";0;"B";"4+";0;895807.0
1001163;"M";"0-17";10;"C";"2";0;449255.0
1001164;"F";"26-35";19;"A";"1";1;1925578.0
1001165;"M";"26-35";12;"B";"1";1;819886.0
1001166;"M";"55+";6;"C";"3";1;130727.0
1001167;"F";"51-55";1;"B";"1";1;306847.0
1001168;"F";"26-35";0;"A";"1";1;1062132.0
1001169;"M";"26-35";20;"B";"3";0;374677.0
1001170;"M";"55+";3;"A";"2";1;1320132.0
1001171;"M";"46-50";12;"A";"2";1;226676.0
1001172;"F";"26-35";0;"A";"2";1;2101258.0
1001173;"F";"26-35";7;"A";"3";0;1569381.0
1001174;"F";"18-25";16;"C";"0";0;108563.0
1001175;"F";"26-35";2;"A";"1";0;315057.0
1001176;"M";"55+";1;"C";"1";1;905104.0
1001177;"F";"26-35";17;"C";"2";1;398957.0
1001178;"M";"55+";0;"C";"1";1;124043.0
1001179;"M";"51-55";1;"B";"2";1;1436625.0
1001180;"F";"51-55";20;"C";"0";1;230895.0
1001181;"M";"36-45";7;"A";"3";1;6387961.0
1001182;"M";"0-17";10;"B";"3";0;1804464.0
1001183;"M";"36-45";19;"B";"1";0;970956.0
1001184;"F";"26-35";4;"C";"1";1;1368452.0
1001185;"F";"36-45";1;"C";"3";0;360653.0
1001186;"M";"18-25";19;"A";"1";1;1202425.0
1001187;"F";"0-17";0;"A";"2";0;152084.0
1001188;"M";"46-50";7;"C";"2";0;226427.0
1001189;"M";"26-35";0;"C";"1";0;208527.0
1001190;"M";"46-50";0;"C";"2";0;178301.0
1001191;"F";"36-45";0;"B";"3";1;743768.0
1001192;"M";"51-55";16;"A";"1";1;139860.0
1001193;"M";"26-35";12;"C";"3";1;1129576.0
1001194;"F";"26-35";1;"B";"1";1;3041966.0
1001195;"F";"0-17";10;"C";"1";0;387824.0
1001196;"F";"18-25";14;"C";"3";0;545174.0
1001197;"M";"36-45";1;"C";"1";0;167477.0
1001198;"M";"0-17";10;"C";"1";0;659844.0
1001199;"M";"51-55";13;"C";"4+";1;951485.0
1001200;"M";"0-17";0;"C";"4+";0;260748.0
1001201;"M";"18-25";4;"C";"4+";0;354776.0
1001202;"M";"36-45";12;"B";"0";0;2654016.0
1001203;"F";"26-35";1;"A";"3";0;4179027.0
1001204;"M";"26-35";7;"B";"4+";0;679664.0
1001205;"F";"55+";0;"C";"1";1;403786.0
1001206;"F";"51-55";7;"C";"1";1;767566.0
1001208;"M";"26-35";0;"C";"1";1;249937.0
1001209;"M";"36-45";7;"C";"1";1;1180229.0
1001210;"M";"26-35";17;"C";"1";1;320125.0
1001211;"M";"18-25";4;"A";"1";0;2347688.0
1001212;"F";"51-55";1;"C";"1";0;463157.0
1001213;"M";"51-55";0;"A";"1";0;179133.0
1001214;"M";"55+";13;"C";"1";1;184586.0
1001215;"M";"36-45";17;"C";"0";0;859580.0
1001216;"M";"26-35";2;"A";"1";1;1181635.0
1001217;"M";"26-35";12;"A";"3";0;381912.0
1001218;"M";"55+";15;"B";"0";1;1093139.0
1001219;"M";"26-35";7;"C";"3";1;1662783.0
1001220;"M";"0-17";10;"A";"3";0;920860.0
1001221;"M";"18-25";0;"B";"1";0;1273041.0
1001222;"M";"36-45";0;"C";"4+";0;309290.0
1001223;"M";"26-35";2;"C";"4+";0;726709.0
1001224;"M";"51-55";13;"B";"4+";0;3286428.0
1001225;"M";"46-50";7;"C";"1";1;154407.0
1001226;"M";"18-25";20;"C";"2";0;120297.0
1001227;"M";"51-55";1;"B";"2";0;680959.0
1001228;"M";"26-35";1;"C";"4+";1;1434122.0
1001229;"F";"26-35";4;"C";"0";1;143617.0
1001230;"M";"26-35";11;"B";"2";0;1700665.0
1001231;"M";"26-35";12;"C";"1";0;653641.0
1001232;"F";"18-25";4;"C";"2";0;562722.0
1001233;"F";"46-50";20;"C";"1";1;370097.0
1001234;"M";"18-25";4;"B";"2";0;175458.0
1001235;"F";"26-35";7;"A";"1";0;256097.0
1001236;"F";"26-35";1;"C";"1";0;195097.0
1001237;"M";"18-25";4;"C";"1";1;142872.0
1001238;"F";"36-45";20;"A";"1";0;241398.0
1001239;"F";"26-35";20;"B";"1";0;487870.0
1001240;"F";"18-25";14;"B";"3";1;134342.0
1001241;"M";"0-17";10;"B";"1";0;1173447.0
1001242;"F";"36-45";0;"A";"0";1;3048547.0
1001243;"M";"36-45";15;"B";"4+";1;1818755.0
1001244;"M";"26-35";4;"A";"4+";1;3056483.0
1001246;"M";"18-25";4;"A";"2";0;3477038.0
1001247;"M";"36-45";0;"B";"2";0;228690.0
1001248;"F";"36-45";20;"B";"4+";0;607552.0
1001249;"M";"36-45";2;"C";"2";0;171624.0
1001250;"M";"51-55";0;"C";"1";1;145794.0
1001251;"M";"26-35";7;"C";"0";1;207237.0
1001252;"M";"55+";13;"C";"3";0;717733.0
1001253;"F";"36-45";20;"C";"1";1;269686.0
1001254;"F";"18-25";1;"B";"2";0;545376.0
1001255;"M";"26-35";17;"A";"4+";0;1251705.0
1001256;"M";"26-35";20;"B";"4+";0;176868.0
1001257;"F";"18-25";14;"C";"3";1;276955.0
1001258;"M";"46-50";7;"C";"1";0;360940.0
1001259;"M";"36-45";7;"C";"2";1;384656.0
1001260;"M";"26-35";17;"B";"0";0;2678394.0
1001261;"M";"18-25";4;"C";"2";0;1118316.0
1001262;"M";"26-35";4;"A";"0";1;771592.0
1001263;"M";"0-17";10;"B";"4+";0;1121150.0
1001264;"M";"26-35";1;"A";"3";0;3888792.0
1001265;"F";"18-25";20;"B";"0";1;1392026.0
1001266;"M";"26-35";4;"B";"0";1;3194568.0
1001267;"M";"26-35";15;"C";"1";0;908750.0
1001268;"M";"51-55";2;"B";"1";1;1207532.0
1001269;"F";"55+";13;"C";"2";1;134732.0
1001270;"M";"26-35";6;"C";"1";0;122944.0
1001271;"F";"46-50";6;"C";"3";1;949418.0
1001272;"M";"18-25";20;"B";"0";0;1451777.0
1001273;"M";"36-45";2;"C";"3";1;1773658.0
1001274;"M";"46-50";7;"B";"4+";1;3293478.0
1001275;"M";"51-55";17;"C";"1";1;141776.0
1001276;"M";"36-45";17;"B";"2";0;337409.0
1001277;"F";"18-25";0;"C";"1";0;127418.0
1001278;"M";"18-25";4;"C";"3";0;380799.0
1001279;"M";"36-45";1;"A";"2";0;1362801.0
1001280;"M";"0-17";10;"C";"1";0;300384.0
1001281;"M";"26-35";19;"C";"1";0;606067.0
1001282;"M";"51-55";1;"C";"2";1;93851.0
1001283;"F";"18-25";1;"C";"3";0;197347.0
1001284;"M";"46-50";16;"A";"1";1;2550856.0
1001285;"M";"36-45";4;"A";"0";1;5805379.0
1001286;"M";"36-45";17;"A";"1";0;251286.0
1001287;"F";"51-55";7;"B";"3";0;680206.0
1001288;"F";"36-45";19;"C";"1";0;606034.0
1001289;"M";"46-50";6;"C";"0";0;321532.0
1001290;"M";"36-45";0;"C";"1";0;248419.0
1001291;"F";"36-45";0;"A";"3";0;1220101.0
1001292;"M";"26-35";7;"C";"3";0;220203.0
1001293;"M";"26-35";5;"C";"1";0;277877.0
1001294;"F";"51-55";20;"B";"4+";1;1054076.0
1001295;"F";"36-45";6;"C";"1";1;308233.0
1001296;"M";"0-17";0;"C";"4+";0;284759.0
1001297;"M";"26-35";7;"A";"4+";0;2564585.0
1001298;"M";"36-45";6;"B";"4+";0;3328461.0
1001299;"M";"26-35";14;"B";"1";0;1564596.0
1001300;"M";"0-17";10;"C";"3";0;664613.0
1001301;"F";"26-35";2;"C";"1";1;1863744.0
1001302;"M";"18-25";4;"C";"2";0;464767.0
1001303;"M";"26-35";19;"A";"4+";0;3163252.0
1001304;"M";"26-35";14;"C";"1";1;623700.0
1001305;"M";"46-50";20;"B";"4+";1;236269.0
1001306;"M";"26-35";3;"B";"3";0;2740370.0
1001307;"M";"55+";13;"C";"2";1;185557.0
1001309;"M";"26-35";14;"C";"0";0;162598.0
1001310;"M";"46-50";0;"C";"4+";1;94677.0
1001311;"M";"18-25";10;"C";"1";0;1034576.0
1001312;"M";"26-35";14;"B";"2";1;855615.0
1001313;"M";"18-25";4;"B";"4+";1;175294.0
1001314;"F";"18-25";4;"C";"0";0;803700.0
1001315;"M";"36-45";7;"C";"2";1;603190.0
1001316;"M";"51-55";2;"C";"2";0;131589.0
1001317;"M";"46-50";7;"B";"3";1;3960303.0
1001318;"M";"18-25";16;"B";"4+";1;80505.0
1001319;"F";"26-35";3;"C";"2";1;134983.0
1001320;"M";"26-35";4;"A";"2";0;999365.0
1001321;"F";"26-35";14;"C";"3";1;780200.0
1001322;"M";"55+";0;"A";"0";0;2028806.0
1001323;"F";"36-45";2;"C";"1";0;753376.0
1001324;"M";"36-45";16;"B";"3";0;610061.0
1001325;"M";"26-35";1;"B";"1";1;1746087.0
1001326;"F";"26-35";0;"A";"1";0;200245.0
1001327;"M";"0-17";10;"B";"0";0;351242.0
1001328;"M";"36-45";14;"A";"1";0;1115881.0
1001329;"M";"18-25";14;"B";"3";0;2180575.0
1001330;"M";"55+";1;"C";"4+";0;248014.0
1001331;"M";"46-50";0;"C";"4+";1;784036.0
1001332;"M";"26-35";7;"C";"3";0;144052.0
1001333;"M";"26-35";17;"A";"4+";0;3065866.0
1001334;"M";"51-55";7;"C";"0";1;376662.0
1001335;"M";"36-45";0;"C";"1";0;1262318.0
1001336;"F";"51-55";20;"B";"4+";1;120810.0
1001337;"M";"55+";17;"C";"1";1;332640.0
1001338;"M";"26-35";0;"A";"3";1;991662.0
1001339;"M";"36-45";18;"C";"2";0;893314.0
1001340;"M";"26-35";7;"A";"2";0;2653719.0
1001341;"M";"18-25";7;"C";"3";0;244581.0
1001342;"M";"36-45";0;"C";"4+";0;415660.0
1001343;"M";"36-45";14;"B";"3";0;1621007.0
1001344;"F";"26-35";9;"C";"4+";0;312979.0
1001345;"F";"26-35";2;"C";"1";1;835463.0
1001346;"M";"36-45";20;"C";"1";0;171720.0
1001347;"F";"18-25";1;"C";"0";0;753065.0
1001348;"F";"0-17";10;"A";"3";0;597761.0
1001349;"M";"51-55";7;"B";"3";1;417743.0
1001350;"F";"36-45";0;"C";"1";0;655115.0
1001351;"F";"26-35";17;"C";"4+";1;141697.0
1001352;"M";"36-45";20;"B";"2";0;668248.0
1001353;"M";"0-17";10;"C";"0";0;291632.0
1001354;"F";"26-35";2;"B";"3";0;3237650.0
1001355;"F";"46-50";20;"A";"3";0;234934.0
1001356;"F";"18-25";4;"B";"2";0;1930537.0
1001357;"M";"46-50";0;"C";"1";1;480023.0
1001358;"M";"36-45";17;"C";"1";1;1411223.0
1001359;"M";"36-45";1;"C";"2";0;479765.0
1001360;"M";"26-35";20;"C";"1";1;561977.0
1001361;"F";"26-35";0;"A";"1";0;680345.0
1001362;"M";"36-45";12;"B";"0";0;1193668.0
1001363;"M";"51-55";7;"B";"3";0;125943.0
1001364;"F";"46-50";2;"A";"0";0;248688.0
1001365;"F";"0-17";10;"C";"3";0;322732.0
1001366;"M";"0-17";10;"C";"0";0;652647.0
1001367;"M";"26-35";12;"C";"1";0;1079707.0
1001368;"F";"26-35";3;"C";"1";0;200928.0
1001369;"M";"26-35";5;"B";"1";1;2377019.0
1001370;"M";"36-45";2;"C";"2";1;701728.0
1001371;"F";"51-55";2;"A";"3";1;269701.0
1001372;"M";"0-17";10;"B";"1";0;324831.0
1001373;"F";"26-35";1;"A";"1";0;487812.0
1001374;"M";"51-55";1;"B";"3";0;436502.0
1001375;"F";"46-50";5;"B";"2";1;305751.0
1001376;"F";"46-50";1;"C";"1";1;563418.0
1001377;"M";"36-45";16;"B";"3";1;2559727.0
1001378;"F";"46-50";7;"C";"3";1;474454.0
1001379;"F";"55+";13;"C";"2";1;106872.0
1001380;"M";"0-17";10;"C";"0";0;1401331.0
1001381;"M";"18-25";11;"C";"1";0;291370.0
1001382;"F";"46-50";1;"C";"1";0;177279.0
1001383;"F";"26-35";7;"A";"1";0;3380104.0
1001384;"M";"18-25";10;"C";"1";0;138191.0
1001385;"F";"26-35";5;"C";"1";1;115789.0
1001386;"F";"26-35";0;"B";"1";0;385080.0
1001387;"F";"51-55";13;"B";"1";1;1205866.0
1001388;"M";"55+";20;"C";"2";1;452726.0
1001389;"M";"26-35";17;"B";"4+";1;2473249.0
1001390;"M";"36-45";16;"C";"3";1;1714252.0
1001391;"M";"36-45";15;"C";"0";1;1038116.0
1001392;"M";"46-50";3;"C";"1";1;1312252.0
1001393;"M";"18-25";4;"B";"3";0;655561.0
1001394;"F";"26-35";3;"A";"0";0;111226.0
1001395;"M";"26-35";2;"B";"1";1;1735893.0
1001396;"F";"26-35";12;"A";"4+";1;978278.0
1001397;"M";"36-45";7;"C";"3";1;303420.0
1001398;"F";"55+";16;"C";"3";1;205025.0
1001399;"M";"18-25";17;"C";"1";0;1436906.0
1001400;"M";"26-35";7;"B";"4+";0;390224.0
1001401;"F";"18-25";1;"C";"3";0;367600.0
1001402;"M";"18-25";4;"C";"3";0;332193.0
1001403;"F";"26-35";0;"C";"4+";1;456890.0
1001404;"M";"51-55";16;"B";"1";1;1221368.0
1001405;"M";"55+";13;"C";"1";1;298423.0
1001406;"M";"26-35";4;"C";"2";1;104679.0
1001407;"F";"36-45";15;"A";"1";1;1088202.0
1001408;"M";"26-35";0;"B";"1";1;928115.0
1001409;"M";"18-25";4;"B";"1";1;559455.0
1001410;"M";"51-55";7;"B";"3";1;503410.0
1001411;"M";"36-45";1;"C";"2";0;300643.0
1001412;"M";"26-35";17;"C";"4+";1;117304.0
1001413;"M";"18-25";3;"B";"1";1;1016165.0
1001414;"M";"18-25";4;"C";"4+";0;741948.0
1001415;"M";"46-50";14;"C";"1";0;1085118.0
1001416;"M";"26-35";14;"B";"1";1;70601.0
1001417;"M";"36-45";16;"C";"2";0;140803.0
1001418;"M";"18-25";4;"A";"1";1;1553229.0
1001420;"M";"18-25";4;"C";"3";0;1789820.0
1001421;"F";"0-17";10;"A";"1";0;965644.0
1001422;"M";"36-45";17;"B";"3";0;3173021.0
1001423;"M";"26-35";4;"C";"2";1;382685.0
1001424;"M";"36-45";0;"C";"2";1;217903.0
1001425;"M";"0-17";10;"B";"1";0;3762050.0
1001426;"M";"18-25";14;"B";"3";0;2088687.0
1001427;"M";"26-35";12;"C";"2";0;817651.0
1001428;"F";"46-50";11;"C";"2";1;331687.0
1001429;"F";"36-45";3;"C";"4+";0;134288.0
1001430;"M";"18-25";4;"B";"2";1;668506.0
1001431;"M";"55+";6;"C";"1";1;111581.0
1001432;"M";"36-45";1;"C";"2";1;163086.0
1001433;"F";"18-25";14;"C";"1";0;628659.0
1001434;"F";"0-17";10;"A";"0";0;872625.0
1001435;"M";"26-35";14;"A";"4+";0;174877.0
1001436;"F";"51-55";6;"B";"1";1;381555.0
1001437;"M";"51-55";3;"C";"4+";0;1079450.0
1001438;"M";"18-25";2;"C";"0";0;181470.0
1001439;"M";"36-45";3;"C";"1";1;265956.0
1001440;"M";"36-45";12;"C";"1";0;599318.0
1001441;"M";"36-45";16;"C";"3";1;371978.0
1001442;"M";"18-25";2;"A";"3";0;869018.0
1001443;"M";"36-45";2;"C";"0";1;283423.0
1001444;"F";"26-35";4;"B";"1";0;152311.0
1001445;"M";"26-35";2;"C";"1";1;127554.0
1001446;"M";"36-45";12;"B";"4+";1;645419.0
1001447;"M";"18-25";4;"A";"0";0;4503530.0
1001448;"F";"26-35";3;"A";"1";0;5136424.0
1001449;"M";"36-45";20;"A";"1";1;5103795.0
1001450;"M";"18-25";4;"B";"2";1;374646.0
1001451;"M";"36-45";20;"B";"0";0;3834928.0
1001452;"F";"55+";13;"C";"1";1;98520.0
1001454;"M";"18-25";4;"C";"2";0;103186.0
1001455;"F";"46-50";0;"B";"1";1;344772.0
1001456;"M";"26-35";2;"C";"1";0;167350.0
1001457;"M";"26-35";1;"B";"1";1;1560851.0
1001458;"M";"0-17";0;"B";"2";0;489274.0
1001459;"F";"26-35";0;"C";"0";0;116300.0
1001460;"F";"18-25";4;"C";"3";1;162269.0
1001461;"F";"46-50";0;"B";"2";1;242641.0
1001462;"M";"36-45";16;"B";"2";1;156823.0
1001463;"M";"51-55";16;"C";"4+";1;588451.0
1001464;"M";"36-45";12;"C";"3";1;569640.0
1001465;"M";"51-55";16;"B";"4+";1;3367140.0
1001466;"M";"18-25";4;"C";"3";1;1521268.0
1001467;"M";"26-35";5;"C";"2";0;499468.0
1001468;"M";"0-17";14;"B";"1";0;899664.0
1001469;"M";"55+";20;"C";"1";0;188901.0
1001470;"M";"18-25";4;"A";"1";1;2898885.0
1001471;"M";"26-35";17;"B";"1";0;82550.0
1001472;"M";"26-35";7;"C";"1";0;1591171.0
1001473;"M";"26-35";14;"B";"0";0;1399618.0
1001474;"M";"26-35";4;"A";"2";1;709276.0
1001475;"F";"26-35";2;"B";"3";0;395208.0
1001476;"F";"18-25";0;"B";"0";0;407413.0
1001477;"F";"46-50";1;"C";"2";0;151437.0
1001478;"M";"0-17";10;"C";"2";0;126167.0
1001479;"F";"51-55";2;"B";"1";0;150667.0
1001480;"M";"26-35";20;"C";"1";0;212784.0
1001481;"M";"36-45";17;"C";"4+";0;540923.0
1001482;"M";"26-35";7;"C";"3";0;277386.0
1001483;"M";"18-25";4;"B";"1";0;1453483.0
1001484;"M";"26-35";12;"C";"1";0;1602846.0
1001485;"F";"26-35";9;"C";"3";1;151301.0
1001486;"M";"26-35";16;"C";"4+";1;334509.0
1001487;"M";"36-45";7;"C";"2";1;124611.0
1001488;"M";"26-35";7;"B";"2";0;149715.0
1001489;"F";"36-45";2;"A";"2";1;1601132.0
1001490;"M";"51-55";7;"B";"4+";1;1431250.0
1001491;"M";"18-25";4;"B";"1";0;1091925.0
1001492;"M";"26-35";12;"A";"0";1;584390.0
1001494;"M";"26-35";17;"C";"3";1;535886.0
1001495;"M";"18-25";0;"C";"1";0;687176.0
1001496;"M";"26-35";17;"A";"2";0;2393064.0
1001497;"M";"51-55";5;"C";"1";1;1446916.0
1001498;"M";"18-25";4;"A";"2";0;642408.0
1001499;"M";"0-17";10;"C";"1";0;900416.0
1001500;"M";"26-35";17;"A";"2";0;469933.0
1001501;"M";"26-35";11;"A";"3";0;2714621.0
1001502;"M";"18-25";4;"C";"3";0;1471713.0
1001503;"M";"26-35";12;"A";"2";0;1494037.0
1001504;"M";"18-25";19;"A";"3";0;245489.0
1001505;"M";"51-55";11;"C";"3";1;1378282.0
1001506;"M";"26-35";7;"C";"4+";1;570693.0
1001507;"M";"36-45";17;"C";"0";0;545411.0
1001508;"F";"0-17";10;"C";"4+";0;140703.0
1001509;"M";"0-17";0;"B";"3";0;1435408.0
1001510;"F";"26-35";1;"A";"1";0;165079.0
1001511;"M";"36-45";12;"C";"4+";1;433381.0
1001512;"M";"26-35";20;"C";"4+";0;168155.0
1001513;"F";"36-45";16;"C";"4+";1;882711.0
1001514;"M";"18-25";4;"B";"4+";1;687373.0
1001515;"M";"26-35";16;"C";"3";1;134229.0
1001516;"F";"26-35";12;"B";"1";0;1513945.0
1001517;"M";"18-25";0;"B";"4+";1;394847.0
1001518;"M";"26-35";2;"C";"1";0;163390.0
1001519;"M";"18-25";4;"C";"1";0;465002.0
1001520;"M";"26-35";17;"B";"1";0;170201.0
1001521;"F";"26-35";7;"C";"2";1;330337.0
1001522;"M";"36-45";20;"A";"0";1;521213.0
1001523;"M";"26-35";17;"C";"0";0;632333.0
1001524;"M";"18-25";4;"B";"1";0;1312283.0
1001525;"F";"26-35";16;"B";"3";1;520945.0
1001526;"M";"55+";17;"C";"4+";1;151627.0
1001527;"M";"18-25";10;"C";"1";1;652197.0
1001528;"M";"26-35";15;"C";"1";0;306559.0
1001529;"M";"18-25";4;"C";"4+";1;152942.0
1001530;"M";"26-35";4;"A";"1";1;2182059.0
1001531;"M";"46-50";17;"C";"2";1;144107.0
1001532;"M";"18-25";14;"C";"3";0;588047.0
1001533;"M";"46-50";1;"C";"0";1;461704.0
1001534;"M";"51-55";12;"C";"3";1;75153.0
1001535;"F";"18-25";20;"C";"3";0;106785.0
1001536;"F";"36-45";3;"C";"3";0;199041.0
1001537;"M";"18-25";20;"B";"0";0;182294.0
1001538;"M";"26-35";3;"C";"2";0;517440.0
1001539;"M";"26-35";3;"C";"1";0;213555.0
1001540;"M";"46-50";0;"A";"4+";1;739476.0
1001541;"M";"55+";17;"C";"3";1;222410.0
1001542;"M";"18-25";17;"C";"4+";0;1897228.0
1001543;"M";"26-35";11;"C";"2";0;1035339.0
1001544;"M";"26-35";12;"B";"2";0;897508.0
1001545;"M";"26-35";20;"A";"1";0;982106.0
1001546;"M";"26-35";4;"A";"4+";1;1976396.0
1001547;"M";"55+";13;"A";"4+";1;730131.0
1001548;"M";"36-45";1;"A";"3";0;180904.0
1001549;"M";"36-45";6;"C";"4+";0;77878.0
1001550;"M";"18-25";4;"C";"1";0;142568.0
1001551;"M";"26-35";11;"B";"1";1;925503.0
1001552;"M";"46-50";20;"B";"1";1;1345731.0
1001553;"F";"26-35";15;"C";"0";0;183135.0
1001554;"F";"36-45";12;"C";"3";1;167463.0
1001555;"F";"18-25";0;"B";"0";1;484609.0
1001556;"M";"18-25";4;"A";"3";1;1585357.0
1001557;"F";"18-25";4;"C";"1";0;337478.0
1001558;"M";"18-25";6;"A";"1";1;228166.0
1001559;"M";"36-45";8;"A";"1";0;265011.0
1001560;"F";"26-35";3;"B";"2";0;841705.0
1001561;"F";"18-25";4;"C";"2";0;803020.0
1001562;"M";"18-25";20;"C";"1";1;81552.0
1001563;"F";"0-17";10;"B";"0";0;405722.0
1001564;"M";"51-55";1;"C";"1";1;690975.0
1001565;"M";"46-50";17;"B";"1";1;154300.0
1001566;"M";"36-45";16;"C";"3";0;105654.0
1001567;"M";"26-35";12;"B";"1";0;762527.0
1001568;"F";"0-17";10;"C";"1";0;128842.0
1001569;"F";"55+";13;"C";"1";1;430659.0
1001570;"M";"18-25";17;"B";"1";1;426539.0
1001571;"M";"26-35";20;"B";"1";1;991481.0
1001572;"F";"26-35";3;"C";"3";1;242609.0
1001573;"M";"0-17";0;"C";"4+";0;112724.0
1001574;"M";"26-35";6;"C";"1";1;215108.0
1001575;"F";"51-55";7;"C";"4+";1;392784.0
1001576;"F";"46-50";9;"B";"3";1;227337.0
1001577;"M";"55+";0;"C";"1";1;834277.0
1001578;"M";"18-25";4;"B";"1";1;257823.0
1001579;"M";"26-35";0;"A";"0";0;3977702.0
1001580;"F";"18-25";4;"C";"3";0;105564.0
1001581;"F";"18-25";4;"B";"4+";1;171549.0
1001582;"M";"18-25";0;"C";"1";0;120148.0
1001583;"M";"36-45";6;"B";"0";0;214147.0
1001584;"M";"26-35";19;"B";"4+";0;2483182.0
1001585;"M";"55+";20;"C";"1";1;620127.0
1001586;"M";"46-50";7;"B";"2";1;2759566.0
1001587;"F";"26-35";3;"B";"3";0;2308915.0
1001588;"M";"26-35";11;"B";"1";0;230225.0
1001589;"M";"26-35";0;"B";"1";0;562920.0
1001590;"M";"36-45";1;"C";"0";0;204520.0
1001591;"M";"51-55";7;"C";"1";1;1829079.0
1001592;"M";"36-45";7;"B";"4+";1;1692762.0
1001593;"M";"26-35";16;"C";"1";1;779007.0
1001594;"F";"36-45";20;"B";"1";0;728816.0
1001595;"M";"36-45";1;"C";"3";0;732740.0
1001596;"F";"18-25";5;"B";"2";0;97850.0
1001597;"M";"26-35";12;"B";"1";1;1253614.0
1001598;"M";"36-45";13;"C";"0";0;1062978.0
1001599;"M";"26-35";0;"A";"1";0;2459411.0
1001600;"M";"36-45";7;"B";"1";1;2066219.0
1001601;"M";"26-35";12;"C";"2";0;1339350.0
1001602;"F";"26-35";7;"C";"2";1;701979.0
1001603;"F";"26-35";0;"C";"4+";1;370543.0
1001604;"M";"26-35";11;"B";"1";1;209087.0
1001605;"F";"18-25";0;"B";"1";0;4129632.0
1001606;"F";"36-45";3;"A";"4+";0;1179309.0
1001607;"M";"46-50";1;"A";"2";1;1099699.0
1001608;"M";"26-35";11;"B";"1";1;358487.0
1001609;"F";"36-45";9;"B";"3";0;1535141.0
1001610;"M";"26-35";11;"B";"1";1;160004.0
1001611;"M";"26-35";0;"B";"1";0;3140413.0
1001612;"M";"26-35";17;"C";"1";0;96199.0
1001613;"M";"18-25";20;"A";"1";0;4055569.0
1001614;"M";"36-45";0;"B";"1";1;400512.0
1001615;"F";"46-50";7;"B";"1";1;94687.0
1001616;"M";"26-35";0;"C";"0";1;1322617.0
1001617;"M";"26-35";12;"C";"3";0;1149998.0
1001618;"M";"51-55";0;"C";"4+";1;416902.0
1001619;"M";"51-55";3;"C";"1";1;172868.0
1001620;"M";"26-35";20;"B";"1";0;324747.0
1001621;"M";"26-35";4;"C";"1";0;74968.0
1001622;"M";"18-25";4;"B";"0";0;132438.0
1001623;"M";"51-55";15;"C";"2";0;533360.0
1001624;"M";"26-35";0;"B";"1";1;2045369.0
1001625;"M";"46-50";0;"C";"0";1;188697.0
1001626;"M";"18-25";4;"B";"0";1;1181985.0
1001627;"M";"18-25";17;"A";"3";1;226859.0
1001628;"M";"18-25";20;"B";"1";0;2466492.0
1001629;"M";"18-25";4;"B";"1";1;356431.0
1001630;"M";"46-50";17;"C";"1";0;458284.0
1001631;"F";"51-55";0;"C";"4+";0;1063108.0
1001632;"M";"26-35";16;"B";"1";0;3090234.0
1001633;"F";"46-50";7;"B";"2";1;145780.0
1001634;"F";"55+";0;"C";"4+";0;424638.0
1001635;"M";"26-35";0;"B";"1";0;4414682.0
1001636;"F";"26-35";19;"C";"0";0;572234.0
1001637;"M";"55+";0;"B";"2";1;568912.0
1001638;"F";"18-25";17;"B";"3";0;281744.0
1001639;"M";"26-35";17;"B";"1";0;2920367.0
1001640;"M";"36-45";17;"C";"1";0;720599.0
1001641;"M";"26-35";0;"C";"4+";0;970651.0
1001642;"M";"51-55";13;"C";"1";0;442219.0
1001643;"M";"46-50";2;"C";"4+";0;1632916.0
1001644;"M";"18-25";12;"A";"2";0;248400.0
1001645;"F";"18-25";9;"B";"1";1;2668615.0
1001646;"M";"26-35";20;"B";"1";1;255419.0
1001647;"M";"18-25";18;"B";"0";0;4155584.0
1001648;"M";"51-55";14;"B";"3";1;731324.0
1001649;"M";"18-25";19;"C";"2";1;343037.0
1001650;"M";"26-35";19;"C";"1";0;1122962.0
1001651;"M";"26-35";12;"C";"1";0;158743.0
1001652;"M";"26-35";16;"C";"1";0;120388.0
1001653;"M";"18-25";0;"A";"4+";0;91949.0
1001654;"F";"46-50";0;"A";"0";1;333714.0
1001655;"M";"18-25";4;"C";"2";1;959982.0
1001656;"M";"26-35";17;"B";"3";0;178256.0
1001657;"F";"46-50";0;"B";"1";1;161446.0
1001658;"F";"36-45";6;"B";"2";0;1855479.0
1001659;"F";"18-25";9;"C";"4+";1;216891.0
1001660;"F";"26-35";2;"C";"2";1;271667.0
1001661;"M";"36-45";7;"B";"0";1;187007.0
1001662;"M";"26-35";12;"B";"1";1;116024.0
1001663;"M";"18-25";4;"C";"2";1;268874.0
1001665;"M";"46-50";17;"B";"2";0;495241.0
1001666;"M";"26-35";14;"B";"3";0;2020441.0
1001667;"M";"51-55";16;"B";"4+";0;3194090.0
1001668;"M";"36-45";2;"C";"2";1;209588.0
1001669;"F";"26-35";17;"B";"1";1;115745.0
1001670;"F";"55+";13;"C";"1";1;277498.0
1001671;"M";"36-45";0;"B";"2";0;3173907.0
1001672;"M";"26-35";17;"C";"1";0;308387.0
1001673;"M";"0-17";10;"C";"1";0;556373.0
1001674;"M";"36-45";2;"C";"3";0;94838.0
1001675;"F";"26-35";6;"B";"1";1;3135460.0
1001676;"M";"18-25";4;"B";"4+";0;4172021.0
1001677;"M";"18-25";14;"C";"2";0;169124.0
1001678;"F";"18-25";17;"C";"1";0;692790.0
1001679;"M";"26-35";12;"B";"4+";1;518384.0
1001680;"M";"26-35";20;"A";"3";1;8699596.0
1001681;"M";"18-25";4;"A";"1";0;746472.0
1001682;"M";"26-35";2;"A";"3";1;187958.0
1001683;"F";"26-35";7;"C";"3";0;772009.0
1001684;"M";"18-25";3;"B";"2";0;380593.0
1001685;"M";"36-45";12;"B";"1";0;1912799.0
1001686;"M";"36-45";12;"B";"1";0;166121.0
1001687;"M";"26-35";3;"A";"1";0;1590553.0
1001688;"F";"18-25";4;"C";"4+";0;788563.0
1001691;"F";"26-35";17;"C";"2";1;338675.0
1001692;"M";"36-45";20;"A";"4+";1;1304690.0
1001693;"M";"26-35";12;"C";"1";1;1640029.0
1001694;"M";"26-35";12;"B";"3";1;2245230.0
1001695;"M";"26-35";1;"C";"1";1;1197602.0
1001696;"M";"36-45";7;"C";"1";0;1995241.0
1001697;"F";"18-25";4;"B";"3";0;1958553.0
1001699;"F";"26-35";19;"A";"0";0;1900743.0
1001700;"M";"26-35";20;"B";"4+";0;221795.0
1001701;"F";"26-35";4;"B";"1";0;2669963.0
1001702;"M";"18-25";10;"C";"2";0;482889.0
1001703;"M";"18-25";15;"C";"2";0;206189.0
1001704;"M";"26-35";4;"C";"4+";0;207440.0
1001705;"F";"18-25";4;"C";"2";0;295672.0
1001706;"M";"26-35";20;"B";"1";1;1089610.0
1001707;"M";"51-55";1;"C";"0";1;504591.0
1001708;"M";"26-35";0;"C";"4+";0;165428.0
1001709;"M";"26-35";0;"C";"1";1;840789.0
1001710;"M";"18-25";0;"A";"3";0;423260.0
1001711;"F";"18-25";4;"C";"3";0;96740.0
1001712;"M";"26-35";0;"B";"4+";0;2605944.0
1001713;"M";"26-35";0;"C";"3";0;128723.0
1001714;"M";"26-35";17;"C";"0";1;1392974.0
1001715;"M";"26-35";16;"C";"2";1;250431.0
1001716;"M";"26-35";0;"B";"0";0;876400.0
1001717;"F";"51-55";6;"B";"1";0;2328214.0
1001718;"M";"18-25";4;"C";"2";1;269859.0
1001719;"M";"18-25";16;"C";"2";1;127775.0
1001720;"M";"18-25";4;"C";"1";1;361394.0
1001721;"M";"18-25";19;"C";"3";0;262249.0
1001722;"M";"36-45";0;"C";"4+";0;1108844.0
1001723;"M";"36-45";17;"C";"0";1;1040483.0
1001724;"M";"18-25";4;"C";"3";0;1096395.0
1001725;"M";"18-25";19;"C";"4+";1;206317.0
1001726;"M";"26-35";2;"B";"1";1;1903879.0
1001727;"M";"36-45";16;"B";"2";1;3291804.0
1001728;"M";"18-25";4;"C";"2";0;248935.0
1001729;"M";"26-35";7;"B";"0";1;194559.0
1001730;"F";"18-25";4;"C";"1";0;67010.0
1001731;"F";"18-25";0;"C";"2";0;268260.0
1001732;"M";"18-25";4;"C";"1";1;266622.0
1001733;"M";"18-25";14;"B";"0";1;4110004.0
1001734;"M";"46-50";17;"B";"2";1;431685.0
1001735;"M";"18-25";20;"B";"1";1;335569.0
1001736;"M";"55+";8;"C";"2";1;877617.0
1001737;"M";"36-45";20;"B";"3";0;3995259.0
1001738;"M";"36-45";16;"C";"0";0;311350.0
1001739;"M";"55+";16;"C";"1";1;425215.0
1001740;"M";"55+";1;"C";"2";0;340879.0
1001741;"M";"36-45";7;"A";"4+";1;4358776.0
1001742;"M";"26-35";15;"C";"4+";1;243535.0
1001743;"M";"36-45";17;"C";"0";0;430669.0
1001744;"M";"36-45";12;"C";"2";0;717631.0
1001745;"M";"46-50";0;"A";"4+";1;456687.0
1001746;"M";"26-35";4;"C";"1";1;2445649.0
1001747;"M";"26-35";0;"C";"2";1;367979.0
1001748;"M";"51-55";1;"A";"1";1;3212202.0
1001749;"M";"26-35";2;"B";"1";1;2219131.0
1001750;"M";"51-55";5;"B";"0";0;323257.0
1001751;"M";"36-45";20;"C";"0";0;168211.0
1001752;"M";"26-35";3;"B";"1";0;2608735.0
1001753;"M";"36-45";6;"B";"3";0;2087524.0
1001754;"M";"18-25";19;"C";"3";0;152183.0
1001755;"F";"18-25";4;"B";"4+";0;1766475.0
1001756;"F";"26-35";1;"B";"2";1;271298.0
1001757;"M";"26-35";4;"B";"4+";0;2578278.0
1001758;"F";"26-35";0;"B";"1";0;2119798.0
1001759;"M";"26-35";16;"C";"0";1;1311357.0
1001760;"F";"26-35";3;"C";"1";1;286299.0
1001761;"M";"36-45";0;"C";"2";0;386518.0
1001762;"M";"26-35";14;"B";"2";1;520286.0
1001763;"M";"36-45";7;"C";"2";0;180152.0
1001764;"M";"18-25";0;"B";"1";0;4073429.0
1001765;"M";"18-25";4;"C";"1";0;614359.0
1001766;"F";"46-50";0;"C";"0";1;108997.0
1001767;"M";"26-35";20;"C";"1";0;1605158.0
1001768;"M";"46-50";16;"C";"1";1;575182.0
1001769;"M";"26-35";17;"C";"0";1;297780.0
1001770;"M";"36-45";16;"C";"1";0;427799.0
1001771;"M";"26-35";17;"C";"2";1;295885.0
1001772;"M";"55+";2;"C";"1";0;159752.0
1001773;"M";"18-25";4;"B";"1";0;288619.0
1001774;"M";"26-35";17;"C";"4+";0;219825.0
1001775;"M";"26-35";4;"C";"3";1;914038.0
1001776;"M";"26-35";0;"B";"4+";1;1902709.0
1001777;"M";"26-35";20;"C";"0";0;341521.0
1001778;"M";"18-25";4;"B";"1";0;2820361.0
1001779;"M";"18-25";1;"C";"4+";0;816058.0
1001780;"M";"36-45";1;"B";"0";0;2562637.0
1001781;"F";"36-45";0;"C";"2";0;474147.0
1001782;"M";"46-50";0;"C";"1";1;162326.0
1001784;"M";"18-25";20;"B";"1";0;224098.0
1001785;"M";"18-25";4;"B";"2";0;263792.0
1001786;"M";"46-50";1;"C";"4+";1;287481.0
1001787;"M";"18-25";8;"A";"4+";0;108323.0
1001788;"M";"46-50";2;"A";"3";1;186851.0
1001789;"M";"0-17";10;"C";"2";0;372278.0
1001790;"M";"26-35";0;"C";"1";0;2095204.0
1001791;"M";"18-25";4;"C";"1";1;802046.0
1001792;"F";"26-35";2;"C";"3";0;162126.0
1001793;"M";"26-35";4;"B";"1";0;1526334.0
1001794;"M";"26-35";11;"B";"1";0;1646237.0
1001795;"M";"18-25";17;"C";"1";0;195747.0
1001796;"M";"51-55";11;"C";"2";1;782257.0
1001797;"M";"36-45";7;"C";"2";0;1001295.0
1001798;"M";"46-50";11;"C";"2";1;305116.0
1001799;"M";"36-45";11;"B";"4+";1;421226.0
1001801;"F";"26-35";6;"C";"0";0;134750.0
1001802;"M";"18-25";4;"A";"3";0;1174673.0
1001803;"M";"26-35";2;"B";"1";0;1548481.0
1001804;"M";"26-35";7;"C";"4+";1;657323.0
1001805;"M";"18-25";4;"C";"0";0;1029810.0
1001806;"M";"18-25";4;"B";"1";0;1296918.0
1001807;"M";"18-25";17;"C";"3";0;1151822.0
1001808;"F";"18-25";4;"C";"4+";1;168670.0
1001809;"F";"26-35";14;"C";"0";1;188816.0
1001810;"M";"51-55";13;"A";"1";1;196333.0
1001812;"F";"26-35";12;"A";"4+";1;3669862.0
1001813;"F";"36-45";6;"C";"3";0;70037.0
1001815;"M";"0-17";1;"C";"1";0;174572.0
1001816;"F";"36-45";9;"C";"4+";0;351148.0
1001817;"M";"36-45";1;"A";"3";0;685032.0
1001818;"M";"0-17";8;"C";"4+";0;304090.0
1001819;"F";"36-45";12;"C";"1";1;647592.0
1001820;"M";"26-35";20;"B";"1";1;1762105.0
1001821;"M";"26-35";20;"C";"2";0;164727.0
1001822;"F";"26-35";0;"C";"1";1;413610.0
1001823;"F";"36-45";1;"C";"1";0;85201.0
1001824;"F";"18-25";4;"C";"2";0;832046.0
1001825;"M";"26-35";7;"C";"4+";1;655808.0
1001826;"M";"46-50";11;"C";"1";1;279874.0
1001827;"F";"26-35";1;"C";"3";0;241870.0
1001828;"M";"18-25";4;"B";"1";0;612508.0
1001829;"M";"26-35";16;"C";"2";1;167137.0
1001830;"M";"18-25";4;"C";"2";0;264009.0
1001831;"M";"18-25";4;"B";"4+";0;516197.0
1001832;"F";"18-25";4;"C";"3";0;197644.0
1001833;"M";"18-25";17;"B";"2";0;444100.0
1001834;"M";"36-45";5;"C";"4+";0;342256.0
1001835;"M";"26-35";19;"B";"3";0;4421244.0
1001836;"M";"26-35";0;"A";"4+";0;2143440.0
1001837;"M";"26-35";2;"B";"1";0;3941757.0
1001838;"M";"36-45";7;"A";"3";0;145601.0
1001839;"M";"18-25";4;"C";"1";0;612013.0
1001840;"M";"26-35";12;"B";"1";0;237371.0
1001841;"M";"18-25";0;"C";"2";0;805809.0
1001842;"M";"18-25";4;"B";"1";0;2782838.0
1001843;"M";"26-35";12;"A";"2";0;673260.0
1001844;"F";"18-25";4;"A";"4+";1;99790.0
1001845;"M";"26-35";2;"B";"3";1;802485.0
1001846;"M";"46-50";12;"B";"2";0;343187.0
1001847;"M";"18-25";4;"C";"2";0;217022.0
1001848;"M";"36-45";5;"A";"4+";1;109256.0
1001849;"M";"36-45";7;"C";"1";1;202272.0
1001850;"M";"18-25";5;"C";"0";1;511763.0
1001851;"M";"26-35";19;"B";"4+";1;2179541.0
1001852;"M";"26-35";12;"B";"1";0;288781.0
1001853;"M";"51-55";0;"B";"1";1;623014.0
1001854;"M";"26-35";0;"C";"2";0;1007424.0
1001855;"M";"18-25";4;"C";"4+";0;537171.0
1001856;"M";"55+";7;"C";"3";1;1057538.0
1001857;"M";"0-17";10;"C";"3";0;243379.0
1001858;"F";"18-25";4;"B";"0";0;685990.0
1001859;"F";"26-35";4;"C";"1";1;233235.0
1001860;"M";"55+";16;"C";"1";0;1681405.0
1001861;"M";"51-55";16;"A";"1";1;2246459.0
1001862;"M";"51-55";14;"C";"1";1;207193.0
1001863;"M";"18-25";4;"B";"4+";0;620513.0
1001864;"M";"36-45";7;"B";"2";0;112387.0
1001865;"F";"18-25";1;"B";"2";0;1431064.0
1001866;"M";"26-35";7;"A";"4+";1;860896.0
1001867;"M";"51-55";7;"A";"2";0;258715.0
1001868;"M";"51-55";11;"C";"0";1;280891.0
1001869;"M";"46-50";14;"C";"4+";1;236760.0
1001870;"M";"55+";13;"C";"1";0;979348.0
1001871;"F";"46-50";1;"C";"1";1;815460.0
1001872;"M";"51-55";20;"C";"2";0;180078.0
1001873;"M";"36-45";7;"B";"2";0;948404.0
1001874;"M";"46-50";7;"B";"3";1;444101.0
1001875;"M";"36-45";12;"A";"2";0;1594560.0
1001876;"M";"26-35";12;"C";"1";0;134580.0
1001877;"F";"46-50";20;"B";"2";1;657619.0
1001878;"M";"0-17";10;"C";"2";0;556971.0
1001879;"M";"26-35";4;"C";"1";1;1701293.0
1001880;"M";"36-45";0;"B";"3";1;4697136.0
1001881;"M";"36-45";2;"A";"4+";1;245109.0
1001882;"M";"36-45";16;"C";"4+";0;1332584.0
1001883;"F";"51-55";0;"B";"1";1;1745728.0
1001884;"M";"46-50";20;"B";"1";1;3944076.0
1001885;"M";"51-55";17;"B";"2";1;405027.0
1001886;"M";"26-35";12;"C";"3";0;105396.0
1001887;"M";"55+";15;"C";"3";1;564091.0
1001888;"M";"36-45";12;"C";"1";1;172599.0
1001889;"M";"18-25";14;"B";"2";0;2954684.0
1001891;"M";"46-50";1;"C";"3";1;1647667.0
1001892;"M";"26-35";20;"C";"2";0;116648.0
1001893;"F";"36-45";0;"B";"3";0;207796.0
1001894;"F";"36-45";7;"B";"0";1;898361.0
1001895;"M";"36-45";14;"C";"2";0;597657.0
1001896;"M";"55+";13;"C";"4+";1;1219262.0
1001897;"F";"51-55";2;"A";"1";1;3003146.0
1001898;"M";"26-35";12;"C";"1";0;134466.0
1001899;"F";"46-50";6;"A";"1";1;3797112.0
1001900;"M";"55+";12;"A";"3";1;197287.0
1001901;"M";"51-55";7;"C";"3";1;1120140.0
1001902;"M";"26-35";19;"C";"1";0;1681677.0
1001903;"M";"36-45";0;"B";"1";0;1325044.0
1001904;"M";"18-25";1;"B";"4+";0;1791915.0
1001905;"F";"36-45";20;"A";"1";0;310256.0
1001906;"F";"26-35";5;"C";"1";1;107747.0
1001907;"M";"36-45";17;"C";"1";0;92888.0
1001908;"M";"55+";13;"C";"3";1;800846.0
1001909;"M";"18-25";4;"C";"2";1;290249.0
1001910;"M";"0-17";10;"C";"0";0;240471.0
1001911;"F";"18-25";4;"C";"0";0;144692.0
1001912;"M";"26-35";4;"A";"1";1;3319877.0
1001914;"F";"36-45";14;"B";"2";0;101069.0
1001915;"M";"51-55";13;"C";"1";0;131238.0
1001916;"M";"46-50";7;"B";"0";0;2090542.0
1001917;"M";"18-25";10;"B";"1";0;842700.0
1001918;"F";"46-50";6;"C";"2";1;68941.0
1001919;"M";"0-17";0;"C";"1";0;176445.0
1001920;"F";"36-45";7;"B";"1";0;2950808.0
1001921;"M";"55+";12;"C";"2";0;509886.0
1001922;"F";"26-35";7;"B";"4+";0;2248247.0
1001923;"M";"36-45";7;"C";"2";0;289979.0
1001925;"M";"51-55";7;"B";"1";0;1633785.0
1001926;"F";"0-17";0;"B";"1";0;3653257.0
1001927;"M";"36-45";7;"C";"1";1;76523.0
1001928;"M";"0-17";10;"B";"1";0;1325017.0
1001929;"F";"0-17";10;"A";"0";0;112864.0
1001930;"M";"26-35";15;"A";"4+";0;1237927.0
1001931;"M";"26-35";2;"A";"1";1;431634.0
1001932;"M";"26-35";7;"A";"4+";0;480478.0
1001933;"M";"18-25";19;"B";"0";0;173571.0
1001934;"M";"26-35";17;"B";"4+";0;235899.0
1001935;"M";"0-17";10;"B";"1";0;266981.0
1001936;"M";"36-45";0;"C";"1";0;157986.0
1001937;"M";"26-35";11;"C";"4+";0;1252974.0
1001938;"F";"26-35";2;"C";"1";1;1012962.0
1001939;"F";"36-45";2;"C";"3";0;1309864.0
1001940;"M";"26-35";12;"C";"2";0;396491.0
1001941;"M";"36-45";17;"A";"1";0;6817493.0
1001942;"M";"36-45";5;"B";"1";1;200427.0
1001943;"M";"18-25";4;"B";"0";0;3384425.0
1001944;"F";"18-25";4;"C";"1";0;407314.0
1001945;"M";"26-35";20;"C";"3";1;347915.0
1001946;"M";"26-35";14;"A";"1";1;484415.0
1001947;"M";"26-35";7;"B";"4+";1;762558.0
1001948;"M";"0-17";10;"B";"3";0;1115459.0
1001949;"M";"18-25";17;"C";"0";0;692944.0
1001950;"M";"26-35";12;"C";"1";0;830304.0
1001951;"F";"18-25";4;"C";"1";0;450698.0
1001952;"M";"36-45";1;"B";"1";1;932607.0
1001953;"F";"26-35";2;"C";"2";0;163967.0
1001954;"M";"26-35";16;"C";"1";0;835924.0
1001955;"M";"0-17";19;"C";"4+";0;168176.0
1001956;"M";"36-45";0;"C";"1";1;401007.0
1001957;"F";"18-25";4;"C";"0";0;248964.0
1001958;"F";"26-35";1;"B";"3";0;3937012.0
1001959;"F";"51-55";13;"C";"1";0;360718.0
1001960;"M";"46-50";7;"B";"3";1;1090406.0
1001961;"F";"51-55";3;"C";"2";1;632384.0
1001962;"F";"18-25";1;"B";"0";1;1757095.0
1001963;"F";"51-55";9;"C";"4+";1;404966.0
1001964;"F";"26-35";6;"C";"1";0;151521.0
1001965;"M";"55+";17;"C";"1";0;275408.0
1001966;"M";"26-35";20;"C";"2";0;374223.0
1001967;"M";"51-55";7;"B";"4+";1;110140.0
1001968;"M";"26-35";11;"B";"2";0;2097591.0
1001969;"F";"26-35";3;"B";"4+";0;2876315.0
1001970;"M";"51-55";13;"C";"1";0;322470.0
1001971;"F";"26-35";14;"C";"3";0;158253.0
1001972;"M";"46-50";17;"C";"0";1;531630.0
1001973;"M";"26-35";1;"A";"0";0;201529.0
1001974;"M";"36-45";17;"B";"1";0;2652357.0
1001976;"M";"36-45";5;"C";"0";1;673695.0
1001977;"M";"55+";6;"C";"2";1;364040.0
1001978;"M";"0-17";10;"C";"4+";0;878647.0
1001979;"M";"55+";17;"B";"4+";0;195770.0
1001980;"M";"36-45";7;"A";"1";0;5549865.0
1001981;"M";"55+";1;"C";"2";1;364130.0
1001982;"M";"0-17";10;"C";"4+";0;876068.0
1001983;"M";"26-35";14;"A";"3";0;3666177.0
1001984;"M";"18-25";10;"B";"2";1;1709859.0
1001985;"M";"46-50";12;"A";"2";1;1057821.0
1001986;"M";"51-55";13;"C";"1";1;176078.0
1001987;"M";"26-35";17;"C";"3";0;235729.0
1001988;"F";"26-35";1;"B";"2";0;2881510.0
1001989;"M";"51-55";6;"C";"1";0;163218.0
1001990;"M";"26-35";7;"C";"2";1;220056.0
1001991;"M";"26-35";20;"C";"4+";1;143143.0
1001992;"M";"18-25";4;"C";"3";0;295892.0
1001993;"M";"36-45";17;"C";"4+";1;67394.0
1001994;"M";"36-45";2;"C";"0";0;164394.0
1001995;"M";"26-35";1;"C";"4+";1;450857.0
1001996;"M";"36-45";0;"C";"3";0;1352589.0
1001997;"M";"26-35";0;"A";"0";1;214683.0
1001998;"F";"51-55";9;"B";"2";1;1819356.0
1001999;"F";"36-45";3;"C";"1";0;526332.0
1002000;"M";"18-25";4;"C";"1";0;516831.0
1002001;"M";"51-55";1;"A";"1";1;277062.0
1002002;"F";"55+";13;"C";"2";1;726297.0
1002003;"M";"0-17";10;"C";"1";0;406113.0
1002004;"M";"46-50";19;"C";"1";1;592235.0
1002005;"M";"18-25";4;"C";"3";0;378080.0
1002006;"M";"36-45";0;"A";"1";1;170868.0
1002007;"M";"51-55";16;"C";"4+";1;289367.0
1002008;"M";"26-35";3;"C";"0";0;845406.0
1002009;"F";"36-45";7;"C";"3";0;367410.0
1002010;"M";"18-25";4;"B";"0";0;2902942.0
1002011;"F";"36-45";3;"B";"3";1;1370857.0
1002012;"M";"26-35";4;"B";"3";1;2735812.0
1002013;"M";"46-50";0;"C";"1";1;464609.0
1002014;"M";"18-25";4;"C";"2";1;391830.0
1002015;"M";"18-25";4;"B";"4+";0;4044989.0
1002016;"F";"55+";2;"C";"2";1;2103196.0
1002017;"M";"26-35";17;"C";"3";0;844698.0
1002018;"M";"36-45";16;"B";"1";0;2335655.0
1002019;"M";"51-55";1;"B";"1";1;144759.0
1002020;"M";"26-35";7;"B";"0";1;2404911.0
1002021;"M";"26-35";0;"C";"1";0;936844.0
1002022;"M";"26-35";7;"C";"1";0;1133463.0
1002023;"M";"18-25";4;"B";"2";1;1606007.0
1002024;"M";"0-17";19;"C";"2";0;893299.0
1002025;"M";"55+";13;"C";"3";0;880253.0
1002026;"M";"51-55";16;"C";"1";1;979146.0
1002027;"F";"26-35";9;"C";"1";0;602524.0
1002028;"M";"46-50";6;"C";"3";1;164548.0
1002029;"F";"26-35";12;"A";"0";0;949485.0
1002030;"M";"26-35";4;"B";"1";0;3280487.0
1002031;"M";"36-45";20;"A";"3";0;1082858.0
1002032;"M";"51-55";14;"C";"4+";1;379320.0
1002033;"F";"46-50";20;"B";"0";0;157043.0
1002034;"F";"46-50";2;"C";"4+";1;179086.0
1002035;"F";"18-25";0;"C";"1";0;829972.0
1002036;"F";"26-35";14;"B";"1";0;350279.0
1002037;"M";"55+";14;"C";"3";0;88396.0
1002038;"F";"46-50";1;"B";"3";1;2098580.0
1002039;"M";"51-55";16;"C";"2";0;679559.0
1002040;"F";"26-35";7;"C";"3";0;213959.0
1002041;"F";"26-35";20;"B";"4+";0;2499908.0
1002042;"M";"0-17";10;"C";"4+";0;1278686.0
1002043;"M";"26-35";14;"C";"1";1;388041.0
1002044;"F";"46-50";0;"C";"0";1;109876.0
1002045;"F";"0-17";0;"C";"0";0;91553.0
1002046;"M";"36-45";1;"C";"2";0;438483.0
1002047;"M";"0-17";10;"B";"1";0;1409033.0
1002048;"M";"51-55";6;"B";"2";0;216381.0
1002049;"F";"51-55";0;"A";"1";1;207268.0
1002050;"F";"36-45";3;"C";"2";0;1282950.0
1002051;"M";"36-45";7;"C";"2";0;1564220.0
1002052;"M";"0-17";10;"C";"0";0;139371.0
1002053;"M";"46-50";11;"C";"1";1;149089.0
1002054;"M";"26-35";12;"C";"4+";0;1816947.0
1002055;"M";"51-55";11;"C";"4+";1;896369.0
1002056;"M";"26-35";4;"B";"2";0;1759067.0
1002057;"M";"36-45";1;"C";"4+";0;347589.0
1002058;"F";"55+";1;"B";"1";0;469758.0
1002059;"M";"36-45";0;"B";"3";0;1386091.0
1002060;"M";"0-17";1;"C";"3";0;1191098.0
1002061;"M";"55+";1;"B";"0";0;104049.0
1002062;"M";"18-25";4;"C";"2";0;783199.0
1002063;"M";"26-35";4;"A";"3";0;5167421.0
1002064;"M";"36-45";1;"C";"1";0;1357221.0
1002065;"M";"26-35";6;"C";"2";0;174605.0
1002066;"F";"26-35";6;"B";"2";1;239650.0
1002067;"M";"51-55";16;"B";"2";0;1004924.0
1002068;"F";"36-45";12;"C";"2";0;891792.0
1002069;"M";"55+";15;"C";"4+";1;505663.0
1002070;"F";"36-45";6;"A";"0";0;667397.0
1002071;"M";"46-50";7;"C";"1";1;1255658.0
1002072;"F";"51-55";12;"C";"1";0;1152863.0
1002073;"F";"18-25";4;"B";"4+";0;2884471.0
1002074;"M";"18-25";4;"A";"1";0;207992.0
1002075;"F";"26-35";4;"A";"1";0;237474.0
1002076;"M";"18-25";4;"B";"0";1;314483.0
1002078;"M";"18-25";4;"C";"1";0;482511.0
1002079;"M";"0-17";10;"C";"3";0;647764.0
1002080;"M";"26-35";11;"C";"2";0;208996.0
1002081;"M";"18-25";17;"C";"1";0;222727.0
1002083;"M";"18-25";4;"C";"0";0;204762.0
1002084;"M";"18-25";4;"C";"2";0;816526.0
1002085;"M";"18-25";0;"C";"4+";0;1115999.0
1002086;"M";"36-45";14;"C";"3";0;187863.0
1002087;"M";"26-35";0;"C";"4+";0;243425.0
1002088;"M";"51-55";7;"A";"1";1;3317817.0
1002089;"M";"36-45";17;"C";"2";0;472075.0
1002090;"M";"36-45";17;"C";"2";0;1463352.0
1002091;"F";"36-45";20;"C";"1";0;1000266.0
1002092;"M";"55+";1;"B";"4+";1;3710233.0
1002093;"M";"18-25";0;"C";"1";1;202668.0
1002094;"M";"36-45";2;"B";"3";0;538188.0
1002095;"M";"55+";13;"C";"1";1;377444.0
1002096;"F";"26-35";17;"C";"1";1;768351.0
1002097;"M";"18-25";5;"C";"0";0;928338.0
1002098;"M";"36-45";20;"A";"0";1;1982859.0
1002099;"F";"18-25";0;"B";"1";0;247417.0
1002100;"F";"26-35";0;"C";"4+";0;1593657.0
1002101;"M";"26-35";16;"C";"1";1;535434.0
1002102;"M";"26-35";11;"B";"3";0;1790462.0
1002103;"M";"36-45";12;"C";"0";0;530334.0
1002104;"M";"46-50";15;"C";"2";1;285400.0
1002105;"M";"26-35";1;"A";"0";1;2471053.0
1002106;"F";"18-25";20;"A";"3";1;2626683.0
1002107;"M";"26-35";1;"A";"3";1;152295.0
1002108;"M";"0-17";10;"C";"1";0;168957.0
1002109;"M";"26-35";16;"B";"2";0;3069936.0
1002110;"M";"51-55";11;"C";"3";0;1127326.0
1002111;"M";"55+";13;"C";"4+";1;54536.0
1002112;"F";"46-50";12;"C";"3";0;247657.0
1002113;"M";"26-35";6;"C";"1";0;187873.0
1002114;"M";"18-25";18;"C";"0";0;1075023.0
1002115;"M";"36-45";17;"C";"1";0;161666.0
1002116;"M";"18-25";4;"B";"4+";1;4865736.0
1002117;"M";"55+";13;"B";"3";0;233346.0
1002118;"M";"26-35";14;"A";"1";1;512281.0
1002119;"M";"36-45";4;"B";"3";0;1104102.0
1002121;"M";"55+";13;"C";"0";1;886060.0
1002122;"M";"36-45";12;"C";"4+";1;1025231.0
1002123;"F";"36-45";0;"C";"4+";1;170517.0
1002124;"M";"26-35";0;"B";"1";1;3543720.0
1002125;"M";"36-45";3;"C";"0";0;1398762.0
1002126;"M";"55+";14;"C";"0";1;382646.0
1002127;"M";"18-25";4;"C";"0";1;671669.0
1002128;"F";"46-50";1;"C";"1";0;112393.0
1002129;"M";"26-35";5;"B";"1";0;1587232.0
1002130;"M";"46-50";0;"C";"2";1;289794.0
1002131;"M";"26-35";0;"B";"1";0;1885996.0
1002132;"M";"55+";14;"C";"3";1;392479.0
1002133;"F";"0-17";10;"C";"3";0;93562.0
1002134;"M";"18-25";10;"B";"4+";0;329348.0
1002135;"M";"51-55";1;"C";"0";0;61738.0
1002136;"M";"36-45";18;"C";"3";0;802001.0
1002137;"F";"0-17";10;"C";"1";0;495468.0
1002138;"F";"18-25";4;"C";"2";0;381797.0
1002139;"F";"51-55";3;"B";"1";1;290842.0
1002140;"M";"46-50";14;"C";"2";1;1053728.0
1002141;"F";"51-55";16;"C";"0";1;126864.0
1002142;"F";"46-50";14;"C";"2";1;447679.0
1002143;"M";"18-25";4;"B";"2";0;625043.0
1002144;"M";"18-25";0;"C";"1";1;432283.0
1002145;"M";"18-25";10;"C";"2";1;1238491.0
1002146;"M";"18-25";2;"C";"3";1;821730.0
1002147;"F";"18-25";0;"B";"3";0;543710.0
1002148;"F";"18-25";0;"B";"0";1;1399436.0
1002149;"M";"26-35";0;"C";"2";0;270475.0
1002150;"F";"18-25";4;"C";"4+";0;158554.0
1002151;"M";"55+";13;"C";"2";1;150925.0
1002152;"M";"18-25";4;"C";"2";0;149108.0
1002153;"M";"18-25";16;"B";"3";0;1956791.0
1002154;"M";"26-35";12;"C";"1";1;322589.0
1002155;"F";"0-17";10;"C";"1";0;376353.0
1002156;"M";"18-25";19;"C";"4+";0;1451373.0
1002157;"F";"18-25";3;"C";"0";0;669912.0
1002158;"M";"26-35";12;"A";"1";1;683288.0
1002159;"F";"51-55";14;"A";"3";1;217487.0
1002160;"F";"18-25";19;"C";"3";0;77353.0
1002161;"F";"36-45";2;"C";"2";1;571507.0
1002162;"F";"0-17";10;"C";"2";0;943751.0
1002163;"M";"18-25";0;"C";"0";1;818481.0
1002164;"M";"36-45";0;"B";"3";0;2633491.0
1002165;"M";"26-35";7;"C";"4+";1;1481545.0
1002166;"M";"0-17";10;"C";"1";0;1257714.0
1002167;"F";"26-35";6;"B";"0";1;868266.0
1002168;"M";"0-17";10;"B";"4+";0;1832054.0
1002169;"M";"0-17";0;"C";"3";0;130747.0
1002170;"F";"51-55";16;"C";"2";1;562132.0
1002171;"M";"36-45";0;"A";"3";0;596212.0
1002172;"M";"18-25";20;"B";"2";0;1899111.0
1002173;"M";"51-55";13;"C";"1";0;1555490.0
1002174;"M";"51-55";12;"B";"1";1;698055.0
1002175;"M";"26-35";4;"C";"2";0;1133853.0
1002176;"M";"0-17";19;"B";"1";0;881709.0
1002177;"F";"36-45";20;"C";"3";1;791660.0
1002178;"M";"46-50";14;"C";"4+";0;936819.0
1002179;"F";"26-35";0;"C";"1";1;783196.0
1002180;"M";"26-35";12;"B";"3";1;2234253.0
1002181;"M";"26-35";0;"B";"4+";1;3723189.0
1002182;"F";"26-35";4;"C";"1";1;117725.0
1002183;"F";"55+";1;"C";"2";0;204374.0
1002184;"M";"18-25";4;"C";"2";0;192388.0
1002185;"M";"46-50";17;"C";"2";1;1540819.0
1002186;"M";"18-25";5;"C";"4+";0;2029732.0
1002187;"M";"46-50";16;"C";"1";1;797676.0
1002188;"F";"18-25";19;"B";"4+";0;1700470.0
1002189;"M";"0-17";10;"A";"1";0;185991.0
1002190;"F";"26-35";15;"B";"1";1;751967.0
1002191;"M";"18-25";4;"C";"4+";0;137572.0
1002192;"F";"26-35";0;"B";"2";0;725372.0
1002193;"M";"0-17";10;"C";"1";0;168925.0
1002194;"M";"26-35";17;"C";"3";0;597127.0
1002195;"M";"0-17";10;"A";"0";0;1523262.0
1002196;"M";"26-35";12;"C";"1";1;204990.0
1002197;"F";"26-35";1;"C";"1";0;236177.0
1002198;"F";"36-45";9;"C";"1";0;290628.0
1002199;"M";"0-17";10;"B";"3";0;539673.0
1002200;"M";"36-45";1;"C";"3";0;396187.0
1002201;"M";"55+";20;"C";"3";1;479253.0
1002202;"F";"0-17";10;"C";"2";0;261466.0
1002203;"M";"46-50";12;"B";"4+";1;3455679.0
1002204;"M";"55+";3;"B";"4+";1;187017.0
1002205;"F";"26-35";7;"A";"3";1;1951554.0
1002206;"M";"46-50";7;"B";"1";1;701657.0
1002207;"M";"18-25";4;"C";"4+";0;97442.0
1002208;"M";"26-35";0;"C";"1";0;1323820.0
1002209;"M";"36-45";7;"A";"2";1;96893.0
1002210;"M";"46-50";17;"C";"0";0;204446.0
1002211;"M";"46-50";6;"C";"2";1;1362687.0
1002212;"M";"18-25";4;"A";"2";1;415585.0
1002213;"F";"26-35";0;"B";"3";0;261784.0
1002214;"F";"26-35";1;"C";"4+";1;408499.0
1002215;"F";"26-35";0;"B";"2";1;1133884.0
1002216;"F";"26-35";20;"C";"0";0;230742.0
1002217;"M";"0-17";10;"C";"0";0;201715.0
1002218;"M";"36-45";17;"C";"2";1;260749.0
1002219;"M";"26-35";6;"C";"3";0;990745.0
1002220;"F";"51-55";3;"C";"2";0;172359.0
1002221;"M";"55+";17;"B";"0";1;923998.0
1002222;"F";"46-50";1;"B";"2";1;834016.0
1002223;"M";"26-35";2;"B";"0";1;2272697.0
1002224;"M";"26-35";12;"C";"2";1;228812.0
1002225;"M";"26-35";5;"B";"1";1;1952546.0
1002226;"F";"26-35";7;"A";"3";0;279897.0
1002227;"M";"51-55";14;"C";"1";1;335466.0
1002228;"M";"26-35";12;"C";"3";1;493558.0
1002229;"M";"46-50";0;"C";"0";0;133340.0
1002230;"F";"46-50";1;"B";"4+";1;937049.0
1002231;"M";"51-55";11;"B";"1";1;2193948.0
1002232;"M";"26-35";14;"B";"1";1;2217582.0
1002233;"F";"36-45";3;"B";"2";1;798853.0
1002234;"M";"55+";1;"C";"0";1;136825.0
1002235;"M";"0-17";10;"C";"2";0;665254.0
1002236;"M";"0-17";10;"C";"0";0;476614.0
1002237;"F";"36-45";6;"B";"1";0;2075333.0
1002238;"F";"26-35";4;"B";"2";0;363952.0
1002239;"M";"18-25";10;"A";"0";0;729527.0
1002240;"M";"46-50";12;"C";"0";1;866592.0
1002241;"M";"46-50";5;"B";"1";0;622080.0
1002242;"M";"18-25";4;"A";"2";0;1668515.0
1002243;"M";"46-50";2;"C";"1";1;331842.0
1002245;"M";"0-17";10;"C";"1";0;218674.0
1002247;"M";"46-50";2;"B";"2";1;1060461.0
1002248;"F";"36-45";12;"C";"2";0;496423.0
1002249;"M";"26-35";5;"C";"3";0;338739.0
1002250;"M";"18-25";19;"A";"3";1;254348.0
1002251;"M";"36-45";14;"A";"3";0;2163036.0
1002252;"F";"18-25";1;"B";"1";0;110700.0
1002253;"F";"51-55";0;"C";"4+";0;267577.0
1002254;"M";"36-45";5;"C";"3";0;717636.0
1002255;"F";"36-45";6;"B";"1";1;854772.0
1002256;"F";"46-50";15;"C";"1";0;389961.0
1002257;"F";"18-25";4;"B";"2";0;183690.0
1002258;"F";"18-25";4;"B";"4+";0;1659393.0
1002259;"F";"55+";16;"C";"1";1;1272561.0
1002260;"F";"26-35";20;"C";"1";0;133589.0
1002261;"M";"26-35";5;"C";"1";0;1242376.0
1002262;"M";"46-50";17;"C";"1";1;929052.0
1002263;"M";"26-35";6;"C";"2";1;1288851.0
1002264;"F";"46-50";7;"C";"1";0;1566574.0
1002265;"M";"55+";13;"C";"1";1;1569957.0
1002266;"F";"51-55";2;"C";"1";1;508060.0
1002267;"F";"55+";13;"C";"1";1;266040.0
1002268;"F";"36-45";1;"C";"4+";0;116586.0
1002269;"F";"46-50";0;"B";"2";1;121999.0
1002270;"M";"18-25";1;"C";"3";1;693772.0
1002271;"M";"51-55";14;"A";"1";0;2283239.0
1002272;"M";"26-35";0;"C";"1";0;812534.0
1002273;"M";"26-35";6;"C";"4+";0;470540.0
1002274;"M";"18-25";2;"B";"3";0;211136.0
1002275;"M";"55+";7;"C";"3";1;193236.0
1002276;"M";"55+";13;"C";"1";1;734002.0
1002278;"M";"51-55";17;"B";"4+";1;272235.0
1002279;"M";"51-55";7;"B";"2";1;1895807.0
1002280;"M";"55+";6;"B";"2";1;321772.0
1002281;"M";"46-50";11;"A";"4+";0;434670.0
1002283;"M";"36-45";18;"C";"2";1;165064.0
1002284;"M";"26-35";20;"B";"1";1;405638.0
1002285;"F";"0-17";10;"B";"3";0;228032.0
1002286;"M";"36-45";17;"C";"3";0;215890.0
1002287;"M";"55+";0;"C";"1";1;113827.0
1002288;"M";"0-17";10;"B";"2";0;2182472.0
1002289;"F";"51-55";1;"C";"1";1;182761.0
1002291;"M";"46-50";1;"C";"2";1;248900.0
1002292;"M";"51-55";15;"C";"2";1;117960.0
1002293;"F";"55+";3;"B";"1";1;1774966.0
1002294;"M";"55+";13;"B";"3";0;325558.0
1002295;"M";"46-50";11;"C";"1";1;151117.0
1002296;"F";"26-35";6;"C";"3";1;145447.0
1002297;"M";"55+";13;"C";"4+";1;302687.0
1002298;"M";"36-45";17;"C";"4+";0;597829.0
1002299;"F";"18-25";10;"B";"4+";0;377869.0
1002300;"M";"55+";13;"B";"3";1;328023.0
1002302;"M";"51-55";12;"A";"1";1;1328225.0
1002303;"M";"51-55";17;"B";"4+";1;1870312.0
1002304;"M";"46-50";12;"B";"2";1;5157638.0
1002305;"M";"51-55";20;"A";"1";1;284149.0
1002306;"F";"18-25";4;"A";"2";0;346484.0
1002307;"M";"26-35";17;"A";"1";1;969229.0
1002308;"F";"46-50";16;"A";"3";1;407212.0
1002309;"F";"46-50";0;"C";"2";1;732227.0
1002310;"M";"46-50";12;"B";"3";1;574476.0
1002311;"F";"26-35";4;"B";"2";1;99789.0
1002312;"M";"46-50";0;"C";"0";1;231919.0
1002313;"F";"51-55";6;"C";"4+";1;335670.0
1002314;"F";"26-35";1;"A";"4+";0;149717.0
1002315;"M";"55+";7;"C";"4+";1;192846.0
1002316;"M";"36-45";0;"B";"0";0;908720.0
1002318;"M";"55+";7;"C";"0";1;184380.0
1002319;"M";"36-45";7;"A";"1";0;249062.0
1002320;"F";"51-55";1;"C";"1";1;321617.0
1002321;"M";"26-35";7;"B";"4+";1;491166.0
1002322;"F";"55+";13;"A";"2";1;276658.0
1002323;"M";"36-45";3;"B";"1";1;1267401.0
1002324;"M";"36-45";17;"C";"3";0;467137.0
1002325;"F";"18-25";4;"C";"1";0;93301.0
1002326;"M";"18-25";4;"C";"2";0;345710.0
1002327;"M";"18-25";10;"C";"2";0;325558.0
1002328;"M";"55+";7;"C";"2";1;182537.0
1002329;"F";"55+";15;"C";"1";1;195457.0
1002330;"M";"46-50";7;"A";"1";1;620941.0
1002331;"M";"55+";1;"A";"1";1;472938.0
1002332;"M";"55+";14;"B";"2";0;297139.0
1002333;"M";"51-55";6;"C";"0";1;233714.0
1002334;"F";"55+";7;"B";"1";1;1664070.0
1002335;"M";"51-55";17;"A";"3";0;587582.0
1002336;"M";"36-45";18;"C";"1";1;97953.0
1002337;"M";"36-45";17;"B";"1";0;528084.0
1002338;"M";"46-50";17;"C";"4+";1;1181843.0
1002339;"F";"55+";3;"C";"4+";1;175633.0
1002340;"M";"36-45";2;"A";"2";0;2315929.0
1002341;"M";"55+";1;"A";"4+";0;288057.0
1002342;"M";"36-45";3;"C";"1";0;545639.0
1002343;"F";"46-50";1;"C";"2";1;139840.0
1002344;"M";"26-35";12;"A";"1";0;1029284.0
1002346;"F";"0-17";10;"A";"1";0;499963.0
1002347;"M";"36-45";1;"C";"1";0;167105.0
1002348;"M";"51-55";12;"C";"4+";1;1005335.0
1002349;"M";"26-35";8;"C";"4+";0;635174.0
1002350;"M";"18-25";4;"C";"1";1;613749.0
1002351;"F";"26-35";0;"B";"4+";0;632478.0
1002352;"M";"51-55";13;"B";"1";1;312341.0
1002353;"F";"36-45";9;"C";"3";1;871860.0
1002354;"M";"36-45";11;"B";"3";1;460372.0
1002355;"F";"46-50";9;"C";"2";1;649785.0
1002356;"F";"51-55";16;"B";"4+";1;92222.0
1002357;"F";"36-45";14;"C";"4+";0;164680.0
1002358;"F";"55+";6;"B";"1";0;169618.0
1002359;"M";"55+";13;"C";"1";1;323894.0
1002360;"M";"51-55";6;"A";"0";1;171576.0
1002361;"M";"55+";7;"B";"1";1;235784.0
1002362;"M";"26-35";14;"A";"1";0;224560.0
1002363;"M";"51-55";14;"C";"3";0;218736.0
1002364;"F";"55+";9;"C";"0";1;108726.0
1002365;"M";"51-55";7;"C";"1";1;288074.0
1002366;"F";"46-50";16;"C";"1";1;271766.0
1002367;"F";"26-35";9;"B";"1";0;299795.0
1002368;"F";"55+";13;"C";"1";0;1183756.0
1002369;"M";"36-45";14;"B";"1";1;320982.0
1002370;"M";"51-55";1;"C";"2";0;434182.0
1002371;"F";"36-45";7;"C";"2";0;420353.0
1002372;"F";"46-50";7;"C";"1";1;359351.0
1002374;"M";"26-35";14;"B";"2";0;1173240.0
1002375;"F";"51-55";7;"C";"1";0;179781.0
1002376;"M";"26-35";1;"A";"3";0;2180835.0
1002377;"M";"36-45";0;"C";"3";1;234813.0
1002378;"M";"26-35";3;"C";"1";1;1250194.0
1002379;"M";"18-25";18;"C";"1";0;163572.0
1002380;"M";"26-35";4;"A";"0";1;1978972.0
1002381;"F";"36-45";9;"B";"2";0;104174.0
1002382;"M";"51-55";13;"B";"1";0;309919.0
1002383;"F";"26-35";14;"B";"3";0;1882205.0
1002384;"M";"36-45";17;"C";"1";0;146701.0
1002385;"F";"46-50";2;"B";"3";0;110622.0
1002386;"F";"26-35";0;"B";"3";0;465922.0
1002387;"M";"26-35";17;"C";"4+";0;419964.0
1002388;"M";"55+";5;"C";"1";0;231198.0
1002389;"M";"26-35";16;"A";"0";1;1566967.0
1002390;"F";"26-35";6;"C";"1";0;300592.0
1002391;"M";"51-55";18;"C";"4+";0;386189.0
1002392;"F";"55+";3;"B";"1";1;154299.0
1002393;"M";"55+";13;"C";"1";1;766966.0
1002394;"M";"36-45";6;"B";"2";1;468992.0
1002395;"M";"36-45";7;"C";"1";0;1102989.0
1002396;"F";"18-25";0;"C";"1";0;213434.0
1002397;"F";"36-45";11;"B";"3";0;365573.0
1002398;"M";"26-35";0;"B";"1";0;438450.0
1002399;"M";"36-45";17;"C";"4+";0;137484.0
1002401;"M";"26-35";4;"C";"3";1;491940.0
1002402;"M";"46-50";17;"B";"4+";0;2842474.0
1002404;"M";"18-25";7;"C";"1";0;627385.0
1002405;"M";"51-55";8;"C";"1";1;347575.0
1002406;"F";"55+";12;"C";"1";1;457646.0
1002407;"M";"36-45";16;"C";"1";0;782612.0
1002408;"F";"46-50";1;"C";"2";1;436599.0
1002409;"F";"36-45";9;"B";"3";1;736670.0
1002410;"M";"55+";7;"C";"1";1;526171.0
1002411;"F";"36-45";14;"B";"1";0;1730460.0
1002412;"M";"55+";13;"C";"1";0;262889.0
1002413;"F";"55+";7;"C";"1";1;176641.0
1002414;"M";"26-35";1;"C";"4+";1;1387583.0
1002415;"M";"26-35";7;"C";"2";1;194188.0
1002416;"M";"46-50";7;"C";"3";1;259571.0
1002417;"M";"46-50";1;"C";"1";0;138623.0
1002418;"F";"0-17";10;"B";"1";0;236365.0
1002419;"M";"26-35";0;"B";"3";1;2457996.0
1002420;"M";"51-55";7;"C";"2";1;335763.0
1002421;"M";"36-45";7;"C";"2";1;512174.0
1002422;"F";"51-55";9;"C";"3";1;76740.0
1002423;"F";"46-50";9;"C";"2";1;286511.0
1002424;"M";"26-35";17;"C";"3";0;884374.0
1002425;"F";"36-45";14;"B";"2";1;297155.0
1002426;"M";"55+";0;"C";"1";1;168824.0
1002427;"F";"26-35";14;"C";"3";0;621830.0
1002428;"M";"46-50";17;"B";"1";0;330947.0
1002429;"M";"26-35";2;"A";"2";1;665452.0
1002430;"M";"26-35";4;"B";"2";0;257911.0
1002431;"F";"26-35";4;"A";"0";0;67063.0
1002432;"M";"26-35";4;"A";"1";1;254390.0
1002433;"M";"26-35";4;"A";"1";0;158527.0
1002434;"M";"26-35";4;"C";"2";0;155367.0
1002435;"M";"26-35";4;"A";"3";1;850088.0
1002436;"M";"26-35";7;"B";"2";0;2009518.0
1002437;"M";"26-35";4;"C";"4+";1;247994.0
1002438;"M";"36-45";1;"A";"2";0;908247.0
1002439;"M";"46-50";17;"A";"1";1;423725.0
1002440;"M";"51-55";17;"C";"1";1;99192.0
1002441;"F";"46-50";6;"C";"2";1;155843.0
1002442;"M";"36-45";17;"C";"2";0;100036.0
1002443;"F";"36-45";0;"C";"1";0;90970.0
1002444;"F";"46-50";4;"B";"1";1;351031.0
1002445;"M";"26-35";0;"A";"1";1;1665344.0
1002446;"M";"18-25";7;"B";"0";0;2257780.0
1002447;"M";"26-35";14;"C";"1";1;312630.0
1002449;"M";"55+";13;"A";"1";1;130408.0
1002450;"M";"46-50";16;"C";"1";0;105007.0
1002451;"M";"46-50";12;"C";"1";1;792959.0
1002452;"M";"46-50";7;"B";"0";0;327606.0
1002453;"M";"26-35";7;"B";"0";0;3368025.0
1002454;"M";"18-25";0;"B";"1";0;1552962.0
1002455;"M";"36-45";7;"A";"1";0;681844.0
1002456;"M";"26-35";5;"A";"1";0;1787143.0
1002457;"M";"26-35";0;"B";"0";1;2480975.0
1002458;"M";"26-35";7;"C";"3";1;1005516.0
1002459;"M";"51-55";7;"A";"1";1;569455.0
1002460;"F";"51-55";1;"C";"1";1;323621.0
1002461;"M";"18-25";4;"B";"1";0;614512.0
1002462;"M";"36-45";1;"B";"1";0;1098964.0
1002463;"M";"26-35";7;"C";"0";0;678257.0
1002464;"F";"18-25";4;"C";"4+";0;183944.0
1002465;"M";"51-55";6;"C";"0";1;1331003.0
1002466;"M";"26-35";15;"B";"4+";0;1141487.0
1002467;"M";"0-17";10;"C";"0";0;184108.0
1002468;"M";"51-55";1;"A";"4+";0;842992.0
1002469;"M";"26-35";4;"B";"4+";0;400082.0
1002470;"M";"36-45";18;"B";"4+";1;147620.0
1002471;"M";"51-55";13;"C";"2";1;186271.0
1002472;"M";"26-35";18;"A";"1";1;1498136.0
1002473;"M";"26-35";12;"A";"1";0;253795.0
1002474;"M";"26-35";12;"C";"2";0;223170.0
1002475;"F";"26-35";18;"A";"2";0;132512.0
1002476;"M";"51-55";12;"C";"1";1;293821.0
1002477;"M";"46-50";0;"B";"1";1;373562.0
1002478;"M";"51-55";1;"A";"0";0;1454452.0
1002479;"F";"26-35";1;"C";"2";0;206077.0
1002480;"F";"18-25";20;"C";"3";1;323568.0
1002481;"M";"36-45";14;"C";"1";0;643131.0
1002482;"F";"51-55";3;"C";"1";1;146570.0
1002483;"M";"55+";13;"C";"3";1;393521.0
1002484;"M";"46-50";5;"B";"0";0;2514035.0
1002485;"M";"36-45";14;"C";"3";1;1260022.0
1002486;"M";"18-25";12;"A";"1";0;789035.0
1002487;"M";"46-50";7;"B";"0";1;231666.0
1002488;"F";"46-50";2;"C";"2";0;62250.0
1002489;"F";"36-45";9;"B";"1";0;1858258.0
1002490;"M";"26-35";12;"B";"3";1;137359.0
1002491;"M";"36-45";7;"C";"0";0;665971.0
1002492;"F";"46-50";2;"C";"4+";1;500101.0
1002493;"M";"46-50";2;"B";"1";1;552781.0
1002494;"M";"18-25";4;"C";"1";0;141315.0
1002495;"F";"18-25";4;"C";"4+";0;183504.0
1002496;"M";"51-55";1;"B";"1";0;2191713.0
1002497;"F";"51-55";14;"A";"3";1;626805.0
1002498;"M";"55+";18;"C";"1";1;758980.0
1002499;"M";"51-55";0;"C";"0";1;315911.0
1002500;"M";"55+";1;"B";"1";0;974049.0
1002501;"M";"26-35";15;"B";"2";0;476505.0
1002502;"M";"55+";13;"B";"4+";1;101197.0
1002503;"M";"36-45";17;"C";"3";1;884599.0
1002504;"M";"26-35";7;"A";"2";1;1687962.0
1002505;"M";"26-35";7;"A";"3";1;230883.0
1002506;"F";"26-35";14;"A";"4+";0;1099457.0
1002507;"M";"26-35";4;"A";"0";1;4433272.0
1002508;"F";"36-45";3;"C";"4+";1;352000.0
1002509;"M";"26-35";5;"C";"1";1;185178.0
1002510;"M";"26-35";7;"C";"0";0;384034.0
1002511;"M";"26-35";7;"C";"2";0;200438.0
1002512;"F";"46-50";14;"C";"1";1;179822.0
1002513;"M";"55+";1;"A";"1";1;273813.0
1002514;"M";"55+";14;"A";"1";1;233089.0
1002515;"M";"46-50";12;"C";"4+";1;323421.0
1002516;"F";"46-50";6;"C";"1";1;119568.0
1002517;"F";"36-45";9;"C";"1";0;195437.0
1002518;"M";"26-35";7;"C";"4+";0;352984.0
1002519;"F";"46-50";2;"B";"0";0;329346.0
1002520;"F";"55+";2;"C";"3";1;351718.0
1002521;"M";"36-45";17;"B";"1";0;378705.0
1002522;"M";"18-25";11;"A";"1";0;558743.0
1002523;"M";"26-35";17;"B";"0";0;829733.0
1002524;"F";"55+";9;"C";"2";1;104944.0
1002525;"F";"36-45";1;"A";"0";0;228217.0
1002526;"M";"55+";13;"B";"4+";1;1594760.0
1002527;"M";"36-45";15;"C";"2";0;261590.0
1002528;"M";"55+";0;"A";"1";0;489148.0
1002529;"F";"36-45";9;"A";"3";0;4135916.0
1002530;"M";"18-25";0;"B";"1";0;124165.0
1002531;"F";"46-50";7;"C";"0";1;79498.0
1002532;"F";"55+";13;"C";"0";0;201311.0
1002533;"F";"26-35";3;"B";"1";0;655545.0
1002534;"F";"51-55";6;"A";"2";1;166417.0
1002535;"F";"55+";2;"C";"2";1;307526.0
1002536;"M";"55+";13;"B";"4+";1;204088.0
1002537;"M";"36-45";11;"B";"0";0;2252051.0
1002538;"M";"55+";13;"B";"3";0;194400.0
1002539;"M";"36-45";7;"C";"3";1;277589.0
1002540;"F";"46-50";6;"B";"3";1;1313319.0
1002541;"F";"36-45";5;"B";"1";1;938117.0
1002542;"F";"46-50";13;"A";"2";1;127747.0
1002543;"F";"36-45";0;"B";"2";0;126460.0
1002544;"M";"46-50";1;"B";"1";0;3711865.0
1002545;"M";"55+";13;"B";"2";1;248868.0
1002546;"F";"55+";13;"C";"4+";0;616278.0
1002547;"F";"36-45";0;"C";"0";1;750225.0
1002548;"F";"36-45";6;"C";"2";0;280236.0
1002549;"M";"55+";13;"C";"3";1;140535.0
1002550;"M";"51-55";7;"C";"2";1;496322.0
1002551;"M";"26-35";12;"A";"1";1;380244.0
1002552;"F";"26-35";9;"C";"2";1;477996.0
1002553;"M";"26-35";7;"C";"0";0;162600.0
1002554;"M";"26-35";1;"B";"1";1;258390.0
1002555;"M";"55+";7;"C";"2";0;861235.0
1002556;"M";"26-35";4;"C";"2";0;211559.0
1002557;"F";"18-25";19;"C";"3";0;438131.0
1002558;"M";"55+";17;"C";"3";1;243214.0
1002559;"M";"18-25";10;"C";"2";0;1195802.0
1002560;"F";"46-50";6;"C";"1";1;226526.0
1002561;"M";"26-35";15;"A";"2";1;376802.0
1002563;"M";"46-50";13;"C";"0";0;116138.0
1002564;"F";"36-45";20;"C";"2";1;588137.0
1002565;"M";"36-45";5;"C";"3";0;1527657.0
1002566;"M";"36-45";17;"B";"3";0;1473365.0
1002567;"M";"26-35";0;"C";"1";0;1803714.0
1002568;"M";"26-35";17;"C";"1";0;144223.0
1002569;"M";"46-50";0;"C";"0";1;152932.0
1002570;"F";"55+";14;"C";"0";1;370864.0
1002571;"M";"36-45";17;"C";"4+";0;398523.0
1002572;"M";"36-45";14;"C";"1";0;884306.0
1002573;"M";"46-50";16;"C";"0";1;773654.0
1002574;"M";"51-55";6;"B";"1";1;198206.0
1002575;"M";"36-45";7;"C";"4+";0;1220867.0
1002576;"M";"18-25";17;"B";"0";0;1668105.0
1002577;"M";"26-35";7;"C";"2";0;198646.0
1002578;"M";"51-55";7;"A";"1";1;237189.0
1002579;"M";"36-45";15;"C";"4+";0;397102.0
1002580;"F";"46-50";1;"C";"2";1;362448.0
1002581;"M";"26-35";11;"A";"1";0;2275397.0
1002582;"F";"26-35";1;"C";"3";0;142216.0
1002583;"M";"36-45";7;"C";"4+";0;2095263.0
1002584;"F";"55+";1;"C";"1";1;85239.0
1002585;"M";"46-50";15;"C";"1";1;587383.0
1002586;"M";"26-35";20;"C";"1";1;293708.0
1002587;"M";"36-45";7;"C";"1";0;166565.0
1002588;"F";"55+";13;"C";"1";1;157429.0
1002589;"M";"26-35";0;"C";"3";0;962057.0
1002590;"M";"18-25";4;"A";"0";0;1564094.0
1002591;"M";"18-25";1;"C";"2";1;253385.0
1002592;"M";"51-55";7;"B";"1";1;2404672.0
1002593;"M";"55+";16;"C";"2";0;956165.0
1002594;"M";"36-45";7;"C";"0";0;458181.0
1002595;"M";"18-25";4;"B";"1";0;994338.0
1002596;"M";"51-55";7;"C";"2";1;149041.0
1002597;"F";"51-55";0;"A";"3";1;233604.0
1002598;"M";"26-35";17;"C";"1";1;155753.0
1002599;"M";"26-35";12;"B";"2";0;1514697.0
1002600;"M";"26-35";14;"C";"1";1;306430.0
1002601;"M";"36-45";16;"C";"1";0;100908.0
1002602;"M";"46-50";12;"B";"1";0;111710.0
1002603;"M";"26-35";17;"C";"1";0;182061.0
1002604;"M";"26-35";0;"B";"1";1;381224.0
1002605;"M";"36-45";7;"C";"0";1;1114342.0
1002606;"M";"51-55";7;"C";"3";1;252319.0
1002607;"F";"55+";0;"C";"0";0;370473.0
1002608;"F";"26-35";1;"A";"2";0;1269887.0
1002610;"M";"46-50";7;"C";"2";0;242827.0
1002611;"M";"26-35";3;"B";"4+";0;2208222.0
1002612;"F";"46-50";3;"C";"1";1;143822.0
1002613;"M";"36-45";1;"A";"3";0;83007.0
1002614;"M";"26-35";7;"C";"1";0;186964.0
1002615;"M";"26-35";7;"C";"2";1;338735.0
1002616;"M";"36-45";7;"C";"1";0;187417.0
1002617;"F";"46-50";15;"C";"1";0;364470.0
1002618;"F";"18-25";4;"C";"0";1;116586.0
1002619;"M";"36-45";12;"C";"1";0;538966.0
1002620;"M";"18-25";4;"C";"4+";0;1081068.0
1002621;"M";"18-25";0;"C";"1";0;1373091.0
1002622;"F";"36-45";6;"B";"2";1;228683.0
1002623;"M";"55+";1;"C";"2";1;187791.0
1002624;"F";"36-45";0;"A";"1";1;1838542.0
1002625;"M";"36-45";7;"C";"3";0;664120.0
1002626;"M";"55+";1;"C";"3";1;137004.0
1002627;"M";"26-35";1;"B";"2";1;2293978.0
1002628;"F";"26-35";2;"B";"0";0;924226.0
1002629;"M";"26-35";11;"C";"0";1;1896059.0
1002630;"F";"18-25";5;"B";"4+";0;215548.0
1002631;"F";"51-55";1;"B";"2";1;388449.0
1002632;"M";"55+";0;"C";"1";0;186054.0
1002633;"F";"36-45";9;"C";"1";1;236495.0
1002634;"M";"55+";1;"A";"3";1;1517668.0
1002636;"M";"18-25";12;"C";"4+";1;325871.0
1002637;"F";"36-45";20;"B";"1";0;272387.0
1002638;"M";"26-35";14;"B";"2";0;2407768.0
1002639;"F";"26-35";6;"C";"3";0;137507.0
1002640;"M";"36-45";12;"C";"4+";1;150892.0
1002641;"M";"26-35";6;"C";"1";1;1732302.0
1002642;"M";"26-35";0;"C";"0";0;479881.0
1002643;"M";"46-50";17;"B";"1";1;2257604.0
1002644;"M";"18-25";15;"C";"3";0;155724.0
1002645;"M";"26-35";7;"A";"1";0;1521301.0
1002646;"M";"46-50";17;"C";"1";1;155441.0
1002647;"F";"36-45";11;"C";"1";1;160686.0
1002648;"M";"26-35";17;"B";"2";0;463215.0
1002649;"M";"26-35";16;"C";"2";0;883129.0
1002650;"M";"46-50";7;"C";"1";0;231740.0
1002651;"M";"55+";14;"C";"3";1;833330.0
1002652;"M";"36-45";20;"C";"2";1;148803.0
1002653;"M";"26-35";7;"A";"0";0;173108.0
1002654;"F";"36-45";9;"C";"0";1;483829.0
1002655;"M";"36-45";7;"C";"1";0;317276.0
1002656;"M";"55+";13;"C";"2";1;826685.0
1002657;"F";"0-17";10;"C";"1";0;129109.0
1002658;"M";"26-35";7;"A";"3";0;152550.0
1002659;"M";"36-45";14;"B";"4+";1;901566.0
1002660;"M";"55+";17;"C";"0";0;175649.0
1002661;"M";"55+";13;"C";"1";0;376697.0
1002662;"M";"26-35";17;"C";"4+";0;217418.0
1002663;"F";"26-35";4;"B";"2";0;841585.0
1002664;"M";"36-45";7;"B";"1";0;1835388.0
1002665;"M";"36-45";11;"B";"1";0;3853020.0
1002666;"M";"46-50";16;"C";"1";0;473788.0
1002667;"F";"36-45";6;"C";"1";1;136893.0
1002668;"F";"26-35";4;"A";"3";1;825610.0
1002669;"M";"46-50";0;"C";"1";0;563598.0
1002670;"M";"36-45";6;"B";"1";0;1234215.0
1002671;"F";"36-45";12;"C";"4+";0;97311.0
1002672;"M";"36-45";7;"C";"1";1;332844.0
1002673;"M";"36-45";7;"C";"0";0;103716.0
1002674;"M";"26-35";4;"A";"1";0;776975.0
1002675;"M";"36-45";18;"C";"3";1;222535.0
1002676;"M";"55+";20;"B";"1";1;1207239.0
1002677;"F";"36-45";7;"C";"4+";0;176118.0
1002678;"M";"26-35";6;"C";"1";1;312933.0
1002679;"F";"18-25";4;"A";"2";0;1799869.0
1002680;"M";"26-35";12;"C";"1";1;1092703.0
1002681;"F";"26-35";4;"B";"1";0;889252.0
1002682;"M";"18-25";4;"C";"3";1;431036.0
1002683;"M";"36-45";7;"C";"1";1;1609354.0
1002684;"F";"18-25";0;"C";"3";1;1038327.0
1002685;"M";"46-50";7;"C";"2";1;1092613.0
1002686;"M";"26-35";0;"C";"1";0;85025.0
1002687;"M";"0-17";10;"C";"0";0;158882.0
1002688;"M";"26-35";17;"C";"2";0;635078.0
1002689;"M";"26-35";12;"B";"0";0;572983.0
1002690;"M";"26-35";7;"C";"3";1;87789.0
1002691;"M";"18-25";4;"B";"2";0;1674271.0
1002692;"F";"18-25";4;"C";"0";0;824204.0
1002693;"M";"55+";13;"C";"1";0;731107.0
1002694;"M";"18-25";4;"B";"3";1;492268.0
1002695;"M";"36-45";11;"C";"4+";0;295006.0
1002696;"M";"26-35";7;"C";"1";1;59105.0
1002697;"F";"51-55";17;"C";"3";0;296970.0
1002698;"F";"26-35";2;"B";"0";1;178868.0
1002699;"F";"55+";13;"C";"0";1;453613.0
1002700;"M";"26-35";7;"C";"2";1;1455448.0
1002701;"M";"46-50";1;"A";"3";1;805831.0
1002703;"M";"36-45";11;"C";"4+";1;755795.0
1002704;"M";"55+";13;"C";"1";1;282167.0
1002705;"M";"26-35";1;"B";"3";1;180128.0
1002706;"F";"26-35";1;"B";"4+";0;154255.0
1002707;"M";"55+";13;"A";"1";1;96291.0
1002708;"M";"26-35";7;"C";"2";1;162853.0
1002709;"F";"26-35";0;"A";"3";0;116159.0
1002710;"M";"36-45";17;"B";"3";0;138199.0
1002711;"F";"26-35";4;"C";"0";0;198767.0
1002712;"F";"18-25";19;"C";"0";0;570488.0
1002713;"M";"26-35";7;"C";"3";1;149430.0
1002714;"M";"18-25";4;"B";"4+";0;135858.0
1002715;"F";"51-55";4;"C";"0";0;418450.0
1002716;"F";"51-55";4;"C";"3";1;148243.0
1002717;"M";"26-35";4;"C";"4+";0;156327.0
1002718;"F";"26-35";4;"C";"4+";1;589149.0
1002719;"M";"26-35";12;"C";"3";0;645579.0
1002720;"M";"36-45";0;"C";"1";0;198777.0
1002721;"M";"46-50";14;"C";"1";0;165492.0
1002722;"M";"36-45";7;"B";"3";1;134071.0
1002724;"F";"46-50";2;"A";"3";1;894585.0
1002725;"M";"36-45";7;"C";"1";1;185421.0
1002726;"M";"46-50";11;"C";"1";1;480228.0
1002727;"M";"26-35";11;"C";"0";0;575735.0
1002728;"M";"36-45";12;"C";"1";0;318087.0
1002729;"M";"51-55";7;"C";"0";1;232311.0
1002730;"M";"36-45";11;"C";"1";1;895141.0
1002731;"M";"36-45";7;"C";"1";0;1655910.0
1002732;"M";"46-50";17;"C";"2";1;308916.0
1002733;"M";"46-50";17;"B";"1";1;523983.0
1002734;"F";"18-25";4;"C";"1";0;546792.0
1002735;"M";"26-35";7;"A";"1";0;122560.0
1002736;"M";"46-50";12;"C";"4+";0;506097.0
1002737;"M";"26-35";3;"B";"3";0;1620533.0
1002738;"F";"51-55";2;"B";"1";1;509523.0
1002739;"F";"36-45";7;"C";"1";0;184097.0
1002740;"M";"46-50";17;"B";"1";1;981139.0
1002741;"M";"26-35";14;"A";"1";0;214430.0
1002742;"M";"26-35";17;"C";"3";0;539216.0
1002743;"M";"26-35";14;"B";"2";0;2196683.0
1002744;"M";"18-25";17;"C";"1";1;314780.0
1002745;"F";"36-45";1;"C";"1";0;997082.0
1002746;"M";"51-55";14;"C";"3";1;253570.0
1002747;"F";"18-25";4;"B";"2";0;679288.0
1002748;"M";"26-35";4;"B";"1";0;1320606.0
1002749;"M";"26-35";12;"A";"3";0;595666.0
1002750;"F";"26-35";15;"B";"1";0;987567.0
1002751;"F";"26-35";16;"C";"3";1;692045.0
1002752;"M";"26-35";15;"A";"2";0;1804636.0
1002753;"F";"51-55";20;"B";"1";1;2371512.0
1002754;"M";"51-55";12;"A";"1";0;484443.0
1002755;"M";"36-45";7;"C";"3";0;104448.0
1002756;"M";"18-25";4;"C";"2";0;1529744.0
1002757;"M";"26-35";2;"A";"1";0;729343.0
1002758;"M";"55+";8;"C";"0";1;84566.0
1002759;"M";"26-35";7;"C";"3";0;90598.0
1002760;"M";"55+";0;"C";"1";0;465228.0
1002761;"M";"36-45";6;"B";"0";0;2860008.0
1002762;"M";"51-55";16;"C";"2";1;388905.0
1002763;"F";"18-25";4;"A";"2";0;130376.0
1002764;"M";"26-35";7;"B";"1";0;1836033.0
1002765;"M";"51-55";7;"C";"1";1;1215292.0
1002766;"M";"46-50";7;"C";"1";1;606964.0
1002767;"M";"26-35";0;"B";"0";0;157025.0
1002768;"M";"26-35";17;"A";"1";0;529113.0
1002769;"M";"26-35";7;"C";"0";0;657992.0
1002770;"M";"36-45";1;"C";"4+";0;281085.0
1002771;"M";"18-25";1;"A";"4+";0;1456618.0
1002772;"M";"36-45";17;"A";"3";1;991272.0
1002773;"M";"36-45";2;"C";"0";0;634232.0
1002774;"M";"26-35";1;"A";"1";0;1566170.0
1002775;"F";"18-25";4;"C";"1";1;229328.0
1002776;"M";"26-35";14;"C";"4+";0;1650916.0
1002777;"M";"18-25";4;"B";"2";0;4122533.0
1002778;"M";"55+";13;"B";"3";0;602985.0
1002779;"M";"36-45";7;"B";"1";0;917631.0
1002780;"M";"26-35";17;"A";"1";0;209371.0
1002781;"M";"36-45";4;"C";"2";1;1895011.0
1002782;"F";"18-25";4;"C";"4+";0;190844.0
1002783;"M";"46-50";17;"C";"0";1;335592.0
1002784;"M";"51-55";20;"C";"2";1;943352.0
1002785;"M";"55+";13;"C";"1";1;605224.0
1002786;"M";"26-35";4;"A";"2";0;1864122.0
1002787;"M";"26-35";4;"A";"4+";0;825143.0
1002788;"M";"55+";1;"B";"0";1;873359.0
1002789;"M";"18-25";4;"B";"2";1;705297.0
1002790;"M";"26-35";20;"A";"3";0;819308.0
1002791;"M";"55+";7;"A";"1";1;403227.0
1002792;"M";"18-25";4;"C";"1";0;885510.0
1002793;"M";"36-45";7;"B";"3";0;4995468.0
1002794;"M";"26-35";2;"B";"1";1;848747.0
1002795;"M";"51-55";13;"C";"4+";1;552054.0
1002796;"M";"26-35";14;"B";"3";0;1499079.0
1002797;"F";"26-35";7;"A";"3";0;211907.0
1002798;"M";"36-45";20;"B";"1";0;487454.0
1002799;"M";"18-25";0;"C";"2";0;128535.0
1002800;"F";"18-25";4;"C";"1";0;444267.0
1002801;"F";"26-35";3;"A";"1";1;371367.0
1002802;"M";"36-45";20;"B";"2";0;397115.0
1002803;"M";"26-35";7;"B";"3";0;580648.0
1002804;"F";"36-45";0;"C";"2";0;1106074.0
1002805;"M";"55+";19;"B";"1";1;470138.0
1002806;"M";"0-17";10;"B";"4+";0;401266.0
1002807;"F";"36-45";11;"B";"2";1;1358680.0
1002808;"M";"55+";16;"A";"3";0;804201.0
1002809;"M";"26-35";7;"A";"4+";0;666965.0
1002810;"F";"0-17";10;"B";"2";0;1941952.0
1002811;"M";"26-35";19;"B";"1";0;462021.0
1002812;"M";"26-35";17;"B";"3";0;731365.0
1002813;"M";"26-35";20;"A";"1";0;138284.0
1002814;"M";"36-45";7;"B";"1";0;1039256.0
1002815;"M";"36-45";17;"C";"1";0;305036.0
1002816;"M";"26-35";7;"C";"4+";1;176036.0
1002817;"M";"36-45";12;"C";"3";1;647672.0
1002818;"M";"26-35";12;"B";"2";0;1540669.0
1002819;"M";"46-50";14;"C";"1";1;95877.0
1002820;"F";"36-45";0;"A";"2";0;3737994.0
1002821;"M";"18-25";20;"B";"3";0;157658.0
1002822;"M";"51-55";7;"B";"2";1;365473.0
1002823;"M";"26-35";4;"C";"1";0;233724.0
1002824;"M";"18-25";4;"C";"3";0;1425633.0
1002825;"F";"26-35";20;"B";"1";1;1139390.0
1002826;"M";"36-45";12;"A";"4+";1;1278385.0
1002827;"M";"26-35";17;"B";"4+";0;179742.0
1002828;"M";"18-25";4;"C";"2";0;302133.0
1002830;"M";"36-45";7;"B";"0";0;509680.0
1002831;"M";"26-35";0;"C";"4+";0;153700.0
1002832;"M";"26-35";17;"B";"4+";0;849105.0
1002833;"M";"26-35";15;"C";"2";0;234599.0
1002834;"M";"36-45";1;"C";"1";1;93766.0
1002835;"M";"36-45";20;"B";"2";0;240344.0
1002836;"M";"26-35";12;"C";"2";1;98139.0
1002837;"M";"18-25";0;"B";"1";0;1208140.0
1002838;"M";"18-25";1;"C";"1";0;264550.0
1002839;"M";"26-35";17;"B";"1";0;152285.0
1002840;"M";"26-35";0;"A";"1";1;1631926.0
1002841;"M";"51-55";12;"B";"1";1;2539459.0
1002842;"M";"36-45";17;"C";"4+";0;472996.0
1002843;"F";"26-35";4;"A";"4+";0;133789.0
1002844;"M";"26-35";20;"C";"3";1;616916.0
1002845;"M";"26-35";4;"C";"2";0;453060.0
1002846;"F";"18-25";4;"C";"4+";0;394776.0
1002847;"M";"18-25";4;"A";"3";0;1504709.0
1002848;"M";"26-35";0;"C";"1";1;993049.0
1002849;"M";"46-50";11;"A";"3";0;712565.0
1002850;"M";"18-25";20;"B";"4+";0;175809.0
1002851;"F";"26-35";7;"A";"3";1;126659.0
1002852;"M";"26-35";12;"C";"1";0;870846.0
1002853;"M";"0-17";1;"C";"2";0;294018.0
1002854;"F";"18-25";4;"B";"1";0;1734048.0
1002855;"M";"26-35";4;"B";"4+";0;330872.0
1002856;"M";"36-45";11;"A";"2";0;305440.0
1002857;"M";"26-35";0;"B";"2";0;4064178.0
1002858;"F";"0-17";10;"B";"2";0;347929.0
1002859;"M";"18-25";1;"C";"0";0;826777.0
1002860;"M";"36-45";17;"A";"2";0;2511038.0
1002861;"M";"26-35";15;"C";"1";0;257023.0
1002862;"M";"46-50";7;"C";"3";1;505181.0
1002863;"F";"26-35";2;"B";"1";0;536518.0
1002864;"F";"36-45";3;"C";"1";0;317667.0
1002865;"F";"26-35";6;"C";"1";1;562743.0
1002866;"M";"26-35";7;"C";"2";0;1074090.0
1002867;"M";"46-50";17;"C";"3";1;230381.0
1002868;"M";"36-45";12;"B";"3";0;1329289.0
1002869;"M";"51-55";17;"C";"0";1;128112.0
1002870;"M";"51-55";18;"B";"0";1;577767.0
1002871;"F";"26-35";14;"C";"1";0;120438.0
1002872;"M";"26-35";20;"B";"1";0;2016901.0
1002873;"F";"18-25";4;"B";"1";0;1143370.0
1002874;"F";"36-45";20;"B";"1";0;518079.0
1002875;"M";"26-35";2;"B";"3";1;390819.0
1002876;"M";"26-35";17;"C";"1";1;1309943.0
1002877;"M";"36-45";1;"C";"1";0;256359.0
1002878;"F";"51-55";20;"A";"2";1;3300650.0
1002879;"M";"18-25";4;"C";"1";0;119958.0
1002880;"M";"18-25";12;"A";"3";0;1216433.0
1002881;"F";"26-35";12;"C";"1";1;461253.0
1002882;"M";"18-25";20;"A";"4+";0;432938.0
1002883;"M";"18-25";20;"B";"3";0;535502.0
1002884;"F";"51-55";3;"C";"1";1;98456.0
1002885;"F";"18-25";1;"A";"2";0;928377.0
1002886;"M";"18-25";4;"B";"3";0;725836.0
1002887;"M";"26-35";3;"B";"3";1;3259008.0
1002888;"M";"26-35";14;"B";"2";1;2187378.0
1002889;"M";"36-45";3;"A";"1";1;987400.0
1002890;"M";"36-45";7;"B";"2";1;1356099.0
1002891;"F";"18-25";4;"A";"1";0;248501.0
1002892;"M";"26-35";4;"C";"3";0;461886.0
1002893;"M";"26-35";1;"B";"4+";0;99369.0
1002894;"M";"18-25";4;"B";"4+";0;1003127.0
1002895;"M";"26-35";11;"B";"4+";0;2825947.0
1002896;"M";"18-25";14;"B";"0";0;1789989.0
1002897;"M";"26-35";5;"B";"0";1;689454.0
1002898;"M";"18-25";4;"B";"4+";0;654266.0
1002899;"M";"36-45";14;"A";"3";1;2641564.0
1002900;"M";"18-25";12;"C";"2";1;1889415.0
1002901;"M";"26-35";17;"B";"2";0;1653056.0
1002902;"M";"26-35";12;"C";"0";0;141159.0
1002903;"M";"26-35";16;"B";"2";0;937536.0
1002904;"M";"26-35";4;"C";"3";0;255560.0
1002905;"M";"36-45";17;"B";"1";0;560997.0
1002906;"M";"36-45";19;"A";"0";0;358652.0
1002907;"F";"36-45";5;"A";"4+";0;4033226.0
1002908;"M";"18-25";2;"C";"3";0;70431.0
1002909;"M";"26-35";7;"A";"1";0;7577756.0
1002910;"M";"0-17";19;"C";"0";0;633528.0
1002911;"F";"26-35";4;"A";"3";0;306875.0
1002912;"F";"18-25";4;"A";"2";0;118328.0
1002913;"F";"36-45";20;"B";"3";1;1508758.0
1002914;"M";"26-35";4;"B";"0";1;361047.0
1002915;"M";"26-35";7;"C";"3";0;464559.0
1002916;"M";"46-50";2;"C";"3";0;1052039.0
1002917;"M";"26-35";0;"A";"2";1;411806.0
1002918;"M";"26-35";12;"B";"2";0;2006866.0
1002919;"M";"18-25";17;"C";"2";0;1084886.0
1002920;"M";"26-35";2;"A";"1";1;109284.0
1002921;"M";"51-55";1;"C";"2";0;765191.0
1002922;"M";"26-35";17;"B";"2";1;548623.0
1002924;"F";"18-25";4;"B";"4+";0;235498.0
1002925;"F";"26-35";4;"C";"3";0;131513.0
1002926;"F";"18-25";2;"B";"1";0;1621875.0
1002927;"M";"26-35";12;"A";"2";1;412700.0
1002928;"M";"26-35";2;"B";"1";1;2222322.0
1002929;"M";"18-25";2;"A";"4+";0;2052546.0
1002930;"M";"51-55";17;"C";"1";1;130262.0
1002931;"M";"18-25";4;"B";"2";0;1262470.0
1002932;"M";"26-35";12;"C";"3";0;160710.0
1002933;"M";"36-45";11;"C";"4+";0;565595.0
1002934;"F";"36-45";20;"B";"3";0;2780553.0
1002935;"M";"26-35";0;"B";"2";1;884804.0
1002936;"F";"18-25";4;"B";"0";0;282013.0
1002937;"F";"18-25";4;"A";"4+";0;523301.0
1002938;"F";"26-35";0;"B";"1";0;1173799.0
1002939;"F";"26-35";15;"B";"1";0;769651.0
1002940;"M";"26-35";0;"A";"0";1;220500.0
1002941;"M";"36-45";12;"B";"1";1;1770226.0
1002942;"F";"51-55";1;"C";"1";1;673843.0
1002943;"M";"36-45";12;"C";"1";0;1017571.0
1002945;"F";"36-45";17;"C";"4+";1;387740.0
1002946;"M";"36-45";16;"A";"0";1;2348424.0
1002947;"F";"26-35";0;"A";"1";1;575417.0
1002948;"M";"18-25";14;"B";"1";0;364474.0
1002949;"M";"26-35";17;"B";"2";0;305467.0
1002950;"M";"18-25";0;"C";"4+";0;317239.0
1002951;"F";"36-45";14;"B";"0";1;374856.0
1002952;"M";"26-35";4;"B";"1";0;1014751.0
1002953;"M";"26-35";20;"C";"1";1;390407.0
1002954;"M";"18-25";2;"C";"2";0;182976.0
1002955;"M";"36-45";14;"C";"3";0;866552.0
1002956;"M";"26-35";12;"B";"1";0;210819.0
1002957;"M";"18-25";4;"A";"1";0;368804.0
1002958;"M";"26-35";7;"C";"0";0;191350.0
1002959;"M";"36-45";17;"B";"0";0;423269.0
1002960;"M";"18-25";4;"A";"0";0;187826.0
1002961;"M";"51-55";17;"C";"4+";1;260005.0
1002962;"M";"36-45";3;"A";"2";0;2826345.0
1002963;"F";"18-25";4;"A";"3";1;199465.0
1002964;"M";"26-35";17;"B";"3";0;332710.0
1002965;"F";"36-45";4;"A";"2";0;82896.0
1002966;"F";"26-35";4;"A";"2";0;1132275.0
1002967;"M";"26-35";0;"A";"1";0;2839722.0
1002968;"F";"18-25";0;"A";"2";0;968217.0
1002969;"M";"26-35";7;"C";"4+";1;874714.0
1002970;"M";"18-25";4;"A";"1";0;321638.0
1002971;"M";"26-35";4;"A";"4+";0;188303.0
1002972;"M";"26-35";4;"A";"3";1;760823.0
1002973;"F";"18-25";4;"B";"1";0;255651.0
1002974;"M";"18-25";4;"A";"0";0;595065.0
1002975;"M";"36-45";11;"C";"1";1;583456.0
1002977;"F";"18-25";4;"A";"1";0;83026.0
1002978;"M";"36-45";20;"C";"1";0;793201.0
1002979;"M";"36-45";2;"B";"1";0;214909.0
1002980;"M";"46-50";7;"C";"4+";1;611299.0
1002981;"M";"46-50";6;"C";"4+";1;208263.0
1002982;"M";"26-35";4;"C";"0";0;124883.0
1002983;"M";"18-25";4;"C";"1";0;520509.0
1002984;"M";"26-35";4;"A";"2";1;122332.0
1002985;"M";"18-25";4;"A";"2";1;1035461.0
1002986;"M";"26-35";4;"A";"2";1;3244075.0
1002987;"M";"18-25";4;"B";"4+";0;245938.0
1002988;"F";"18-25";6;"A";"1";0;280286.0
1002989;"M";"36-45";12;"A";"1";1;525902.0
1002990;"M";"36-45";12;"B";"1";1;1319392.0
1002991;"M";"51-55";1;"A";"1";1;259055.0
1002992;"M";"18-25";4;"C";"0";0;250433.0
1002993;"M";"18-25";19;"C";"1";1;556558.0
1002994;"M";"36-45";5;"A";"1";1;2182593.0
1002995;"M";"26-35";15;"A";"4+";0;2385768.0
1002996;"M";"18-25";0;"B";"1";0;2482060.0
1002997;"F";"36-45";16;"C";"2";0;755364.0
1002998;"F";"26-35";1;"C";"0";1;232213.0
1002999;"M";"26-35";7;"C";"2";0;486087.0
1003000;"M";"26-35";4;"A";"1";0;640104.0
1003001;"M";"18-25";4;"B";"1";0;2004517.0
1003002;"M";"46-50";11;"B";"0";0;805270.0
1003003;"M";"18-25";15;"B";"3";0;601814.0
1003004;"F";"18-25";4;"A";"1";0;544627.0
1003005;"M";"26-35";17;"A";"1";0;745902.0
1003006;"M";"18-25";4;"B";"4+";1;323190.0
1003007;"M";"36-45";0;"C";"1";1;1070243.0
1003008;"M";"18-25";4;"B";"1";1;236677.0
1003009;"F";"36-45";3;"A";"3";1;175121.0
1003010;"M";"26-35";12;"A";"0";0;603870.0
1003011;"M";"26-35";1;"B";"1";0;614428.0
1003012;"M";"26-35";12;"C";"1";1;1277594.0
1003013;"M";"46-50";17;"B";"2";1;1848334.0
1003014;"M";"36-45";7;"B";"4+";1;846099.0
1003015;"M";"55+";6;"C";"0";1;148263.0
1003016;"M";"18-25";12;"A";"1";0;199694.0
1003017;"F";"36-45";9;"B";"1";0;1425720.0
1003018;"M";"36-45";0;"B";"0";0;3393983.0
1003019;"M";"51-55";12;"A";"0";1;172071.0
1003020;"F";"36-45";7;"B";"0";0;936577.0
1003021;"F";"46-50";15;"C";"1";1;116593.0
1003022;"M";"26-35";17;"C";"3";0;759044.0
1003023;"F";"26-35";7;"C";"4+";1;278261.0
1003024;"M";"36-45";17;"A";"4+";0;1504476.0
1003025;"F";"36-45";0;"C";"1";0;589814.0
1003026;"F";"18-25";4;"B";"1";0;1129126.0
1003027;"M";"18-25";4;"B";"1";0;180229.0
1003028;"M";"0-17";10;"C";"3";0;656449.0
1003029;"M";"18-25";4;"A";"4+";0;4303997.0
1003030;"M";"36-45";1;"A";"4+";0;103425.0
1003031;"M";"18-25";4;"A";"3";0;2585988.0
1003032;"M";"26-35";0;"A";"1";1;6126540.0
1003033;"M";"18-25";4;"C";"3";0;716398.0
1003034;"F";"18-25";1;"C";"1";0;124136.0
1003035;"F";"26-35";7;"C";"2";1;527105.0
1003036;"M";"55+";13;"C";"1";0;823254.0
1003037;"F";"26-35";2;"A";"2";0;358556.0
1003038;"F";"36-45";2;"A";"1";1;619393.0
1003039;"F";"51-55";3;"C";"0";1;364309.0
1003040;"M";"26-35";8;"C";"0";0;198047.0
1003041;"M";"26-35";4;"A";"1";0;447524.0
1003042;"M";"55+";1;"C";"3";0;261325.0
1003043;"M";"18-25";2;"B";"4+";0;102165.0
1003044;"M";"36-45";16;"C";"1";1;1714711.0
1003045;"M";"46-50";1;"B";"2";1;1187377.0
1003046;"M";"0-17";4;"C";"0";0;298924.0
1003047;"F";"26-35";4;"A";"3";0;623200.0
1003048;"M";"18-25";2;"C";"3";1;495760.0
1003049;"F";"51-55";0;"C";"0";1;412681.0
1003050;"M";"36-45";12;"B";"1";0;509450.0
1003051;"M";"18-25";17;"B";"0";0;2189909.0
1003052;"M";"36-45";12;"B";"0";1;460526.0
1003053;"F";"26-35";3;"B";"2";1;699981.0
1003054;"M";"18-25";4;"B";"1";1;2426442.0
1003055;"F";"26-35";3;"C";"1";1;1504225.0
1003056;"M";"26-35";18;"C";"1";1;1705205.0
1003057;"F";"26-35";12;"B";"1";0;669028.0
1003058;"M";"18-25";12;"C";"0";0;735613.0
1003059;"M";"36-45";0;"C";"0";1;232092.0
1003060;"F";"36-45";1;"C";"3";1;254055.0
1003061;"M";"46-50";2;"C";"0";1;271678.0
1003062;"M";"18-25";4;"C";"2";0;323760.0
1003063;"M";"18-25";4;"C";"3";0;389573.0
1003064;"M";"36-45";17;"C";"4+";1;369064.0
1003065;"F";"18-25";4;"A";"2";0;1377210.0
1003066;"M";"18-25";4;"A";"2";0;580381.0
1003067;"F";"26-35";0;"A";"1";0;4453785.0
1003068;"F";"36-45";9;"C";"2";1;61972.0
1003069;"M";"18-25";4;"C";"3";1;1011667.0
1003070;"F";"18-25";4;"C";"4+";0;222028.0
1003071;"M";"26-35";1;"A";"2";0;135732.0
1003072;"M";"51-55";1;"B";"4+";1;828844.0
1003073;"M";"26-35";0;"B";"2";0;419029.0
1003074;"M";"26-35";0;"C";"4+";1;745203.0
1003075;"F";"26-35";11;"C";"2";1;1352720.0
1003077;"M";"18-25";4;"B";"2";0;507595.0
1003078;"F";"36-45";1;"C";"1";0;171801.0
1003079;"F";"26-35";1;"A";"2";1;500510.0
1003080;"M";"26-35";20;"A";"4+";1;2964017.0
1003081;"M";"26-35";7;"B";"1";1;2194072.0
1003082;"F";"36-45";6;"B";"1";0;1634169.0
1003083;"F";"51-55";0;"C";"0";0;575326.0
1003084;"M";"26-35";16;"B";"1";1;399145.0
1003085;"M";"26-35";4;"C";"1";0;860205.0
1003086;"M";"18-25";12;"A";"1";1;685080.0
1003087;"F";"0-17";1;"B";"0";0;1727045.0
1003088;"F";"26-35";4;"C";"4+";0;207225.0
1003089;"M";"46-50";16;"C";"4+";1;421230.0
1003090;"M";"26-35";2;"C";"4+";0;386781.0
1003091;"F";"26-35";0;"C";"1";1;394282.0
1003092;"M";"36-45";15;"C";"2";0;346184.0
1003093;"F";"46-50";20;"C";"2";1;789240.0
1003094;"M";"36-45";0;"A";"1";0;213313.0
1003095;"F";"26-35";3;"B";"1";1;800781.0
1003096;"F";"46-50";3;"C";"1";1;1217113.0
1003097;"F";"26-35";5;"B";"4+";0;316679.0
1003098;"M";"26-35";4;"A";"1";1;508696.0
1003099;"M";"26-35";17;"C";"3";1;818076.0
1003100;"F";"26-35";6;"B";"3";0;269110.0
1003101;"M";"18-25";15;"C";"0";0;1843157.0
1003102;"M";"26-35";12;"C";"3";1;215370.0
1003103;"M";"26-35";20;"C";"4+";1;220698.0
1003104;"M";"18-25";17;"C";"3";0;215529.0
1003105;"M";"36-45";12;"C";"4+";1;905000.0
1003106;"M";"26-35";0;"C";"4+";0;460496.0
1003108;"M";"51-55";6;"B";"1";1;2951675.0
1003109;"F";"26-35";11;"B";"4+";0;301560.0
1003110;"M";"26-35";0;"B";"3";1;1891635.0
1003111;"M";"18-25";4;"C";"4+";0;516074.0
1003112;"M";"18-25";12;"A";"3";0;928171.0
1003113;"M";"26-35";10;"B";"2";0;208138.0
1003114;"M";"18-25";5;"C";"2";1;323539.0
1003115;"M";"36-45";17;"C";"4+";1;267559.0
1003116;"M";"26-35";12;"C";"4+";0;526714.0
1003117;"M";"36-45";0;"C";"4+";1;197300.0
1003118;"M";"26-35";0;"B";"1";0;2921034.0
1003119;"M";"46-50";1;"C";"4+";1;688976.0
1003120;"M";"18-25";4;"B";"3";1;203258.0
1003121;"M";"26-35";2;"B";"3";0;1566032.0
1003122;"F";"26-35";7;"C";"3";1;121617.0
1003123;"M";"26-35";2;"B";"3";0;1065108.0
1003124;"M";"26-35";12;"C";"0";0;123002.0
1003125;"M";"26-35";7;"A";"1";0;1872542.0
1003126;"M";"26-35";2;"B";"0";1;511537.0
1003127;"F";"26-35";0;"B";"2";1;175750.0
1003128;"M";"18-25";2;"B";"3";0;1563946.0
1003129;"M";"26-35";7;"B";"2";0;2055412.0
1003130;"M";"26-35";7;"C";"1";0;366462.0
1003131;"F";"26-35";2;"C";"1";1;373855.0
1003132;"M";"36-45";7;"C";"3";0;156716.0
1003133;"M";"18-25";4;"C";"1";0;89069.0
1003134;"M";"18-25";4;"A";"1";1;650593.0
1003135;"M";"26-35";15;"A";"4+";0;589676.0
1003136;"F";"26-35";4;"C";"1";1;218554.0
1003138;"M";"36-45";17;"C";"2";1;1017352.0
1003140;"F";"26-35";4;"C";"1";0;2006997.0
1003141;"M";"26-35";14;"C";"3";1;403886.0
1003142;"M";"26-35";20;"B";"0";0;631627.0
1003143;"F";"51-55";16;"C";"1";1;939195.0
1003144;"F";"26-35";7;"C";"1";0;208174.0
1003145;"M";"18-25";4;"A";"2";0;752844.0
1003146;"M";"26-35";0;"C";"2";0;298727.0
1003147;"M";"26-35";14;"C";"0";0;1228339.0
1003148;"M";"18-25";20;"C";"3";0;635645.0
1003149;"M";"18-25";4;"C";"1";0;236195.0
1003150;"F";"26-35";3;"C";"4+";1;304982.0
1003151;"F";"26-35";0;"C";"1";0;1011073.0
1003152;"M";"18-25";4;"A";"3";0;144903.0
1003153;"F";"26-35";4;"B";"2";0;170643.0
1003154;"F";"26-35";4;"A";"0";0;1135298.0
1003155;"M";"26-35";7;"A";"1";0;540734.0
1003156;"M";"36-45";7;"C";"3";0;353287.0
1003157;"M";"26-35";12;"C";"2";0;975558.0
1003158;"M";"26-35";15;"B";"1";0;1836030.0
1003159;"F";"26-35";15;"B";"1";0;1377722.0
1003160;"M";"26-35";17;"C";"3";0;218358.0
1003161;"M";"26-35";7;"A";"2";0;378451.0
1003164;"M";"18-25";12;"B";"2";0;92526.0
1003165;"M";"36-45";7;"A";"0";1;219936.0
1003166;"M";"18-25";4;"B";"1";0;213178.0
1003167;"M";"26-35";2;"C";"3";0;1502533.0
1003168;"F";"36-45";5;"C";"4+";1;188131.0
1003169;"M";"51-55";0;"C";"2";0;972082.0
1003170;"M";"26-35";0;"C";"4+";0;407966.0
1003171;"F";"51-55";3;"B";"1";1;765097.0
1003172;"M";"18-25";12;"A";"0";0;541339.0
1003173;"M";"26-35";12;"C";"1";1;659549.0
1003174;"F";"18-25";14;"C";"3";1;496755.0
1003175;"M";"36-45";16;"A";"1";0;476466.0
1003176;"M";"26-35";17;"C";"4+";1;123947.0
1003177;"F";"26-35";6;"C";"3";0;344979.0
1003178;"F";"36-45";5;"A";"4+";0;1080525.0
1003180;"M";"26-35";14;"B";"1";0;1852542.0
1003181;"M";"26-35";12;"C";"4+";0;156789.0
1003182;"M";"26-35";12;"A";"2";1;2629286.0
1003183;"M";"51-55";7;"C";"4+";1;654324.0
1003184;"F";"26-35";18;"C";"2";1;476319.0
1003185;"M";"18-25";7;"C";"2";1;447146.0
1003186;"M";"51-55";1;"A";"3";0;220908.0
1003187;"M";"36-45";12;"C";"3";0;140581.0
1003188;"M";"55+";13;"A";"4+";1;142131.0
1003189;"M";"26-35";16;"A";"1";0;2418735.0
1003190;"M";"0-17";17;"C";"2";0;255532.0
1003191;"M";"26-35";12;"B";"4+";0;2369256.0
1003192;"M";"18-25";4;"C";"1";1;1104688.0
1003193;"M";"26-35";0;"C";"4+";1;985855.0
1003194;"M";"26-35";15;"C";"2";0;205650.0
1003195;"M";"18-25";4;"B";"4+";0;1118425.0
1003196;"F";"18-25";4;"C";"4+";0;1093009.0
1003197;"F";"18-25";14;"A";"4+";0;789618.0
1003198;"M";"26-35";12;"A";"1";0;421524.0
1003199;"M";"18-25";0;"B";"2";0;669693.0
1003200;"F";"26-35";1;"B";"4+";0;804333.0
1003201;"M";"46-50";7;"B";"0";1;2473225.0
1003202;"F";"18-25";4;"A";"1";0;607054.0
1003203;"M";"36-45";0;"C";"1";0;816837.0
1003204;"M";"46-50";16;"B";"3";1;270064.0
1003205;"F";"36-45";16;"B";"1";0;1646699.0
1003206;"M";"18-25";20;"C";"2";0;515379.0
1003207;"M";"36-45";7;"A";"0";0;662219.0
1003208;"M";"26-35";14;"B";"4+";0;2040560.0
1003209;"M";"26-35";0;"C";"3";0;1081010.0
1003211;"M";"51-55";16;"B";"4+";0;421755.0
1003212;"F";"26-35";17;"A";"1";0;104838.0
1003213;"F";"26-35";1;"C";"3";0;662115.0
1003214;"F";"55+";7;"A";"2";0;183513.0
1003215;"F";"51-55";13;"B";"2";1;149101.0
1003216;"M";"36-45";1;"B";"1";0;1287087.0
1003217;"F";"36-45";0;"A";"0";0;1883154.0
1003218;"M";"55+";6;"C";"4+";1;251704.0
1003219;"F";"18-25";4;"C";"1";0;707186.0
1003220;"M";"36-45";7;"B";"0";1;306349.0
1003221;"M";"26-35";0;"C";"0";0;320183.0
1003222;"M";"36-45";7;"C";"4+";1;167501.0
1003223;"M";"26-35";20;"A";"1";1;325347.0
1003224;"F";"26-35";14;"A";"3";1;5673106.0
1003225;"M";"18-25";0;"C";"1";0;136919.0
1003226;"M";"36-45";4;"A";"1";1;762076.0
1003227;"F";"26-35";14;"A";"2";0;1802590.0
1003229;"F";"55+";1;"B";"3";0;883699.0
1003230;"M";"36-45";16;"A";"0";0;1014219.0
1003231;"M";"26-35";7;"A";"1";1;868503.0
1003232;"M";"36-45";12;"C";"4+";0;239416.0
1003233;"M";"51-55";2;"A";"4+";0;744021.0
1003234;"F";"0-17";0;"B";"1";0;90628.0
1003235;"M";"18-25";4;"C";"4+";0;219359.0
1003237;"M";"36-45";7;"C";"2";1;469698.0
1003238;"M";"36-45";7;"C";"1";1;212021.0
1003239;"F";"26-35";12;"C";"3";0;379861.0
1003240;"M";"18-25";4;"B";"1";0;636173.0
1003241;"F";"51-55";0;"C";"0";1;210829.0
1003242;"M";"51-55";13;"C";"4+";1;1442920.0
1003243;"M";"26-35";12;"B";"1";1;1447341.0
1003244;"F";"18-25";4;"C";"2";0;131906.0
1003245;"M";"18-25";2;"C";"0";1;314108.0
1003246;"F";"36-45";1;"B";"1";1;1000943.0
1003247;"M";"36-45";15;"B";"4+";0;186821.0
1003248;"F";"26-35";7;"B";"3";0;484806.0
1003249;"F";"26-35";4;"C";"2";0;249174.0
1003250;"M";"26-35";4;"B";"2";1;644091.0
1003251;"M";"36-45";17;"C";"3";0;307003.0
1003252;"M";"51-55";0;"C";"2";1;124869.0
1003253;"F";"36-45";4;"B";"3";0;728766.0
1003254;"F";"36-45";6;"C";"1";1;87832.0
1003255;"F";"26-35";15;"C";"1";1;162828.0
1003256;"M";"26-35";15;"C";"1";1;372723.0
1003257;"M";"26-35";14;"C";"1";0;580216.0
1003258;"M";"46-50";6;"C";"1";1;245518.0
1003259;"F";"18-25";4;"A";"2";0;2335217.0
1003260;"M";"26-35";4;"C";"2";1;1247773.0
1003261;"M";"46-50";20;"B";"1";1;2348756.0
1003262;"M";"26-35";14;"B";"2";1;383975.0
1003263;"M";"51-55";11;"A";"4+";0;875489.0
1003264;"F";"26-35";1;"C";"0";1;75623.0
1003265;"M";"26-35";15;"A";"1";0;2371026.0
1003266;"F";"26-35";4;"A";"0";0;1001757.0
1003267;"M";"26-35";4;"A";"2";0;511056.0
1003268;"M";"26-35";12;"C";"1";0;388030.0
1003269;"F";"18-25";20;"C";"4+";0;561323.0
1003270;"M";"18-25";11;"C";"3";1;707569.0
1003272;"M";"36-45";0;"B";"1";0;4357735.0
1003273;"M";"36-45";7;"B";"1";0;126284.0
1003274;"M";"26-35";20;"C";"4+";0;1094325.0
1003275;"M";"36-45";7;"B";"2";0;55960.0
1003276;"M";"26-35";20;"B";"2";1;108580.0
1003277;"M";"26-35";17;"A";"4+";0;886139.0
1003278;"M";"36-45";7;"A";"1";1;189883.0
1003279;"M";"46-50";15;"C";"4+";1;509218.0
1003280;"M";"26-35";7;"B";"1";0;2554106.0
1003281;"M";"26-35";17;"C";"3";0;1208992.0
1003282;"M";"46-50";3;"A";"4+";1;165871.0
1003283;"M";"36-45";16;"C";"0";1;1392059.0
1003284;"M";"26-35";6;"A";"1";1;210566.0
1003285;"M";"26-35";4;"B";"3";0;3218405.0
1003286;"F";"36-45";7;"B";"4+";1;119485.0
1003287;"M";"55+";13;"C";"1";1;88121.0
1003288;"M";"26-35";14;"A";"4+";0;117239.0
1003289;"M";"46-50";6;"C";"1";1;493773.0
1003290;"M";"26-35";14;"A";"1";0;700003.0
1003291;"F";"26-35";7;"B";"4+";0;55372.0
1003292;"F";"51-55";6;"B";"3";0;4799461.0
1003293;"M";"46-50";14;"B";"2";1;215694.0
1003294;"M";"18-25";4;"B";"3";0;706204.0
1003295;"M";"18-25";18;"B";"1";0;486310.0
1003296;"M";"18-25";14;"A";"1";1;496888.0
1003297;"M";"18-25";4;"A";"3";0;645015.0
1003298;"M";"0-17";10;"C";"3";0;125185.0
1003299;"F";"26-35";4;"B";"2";0;1673695.0
1003300;"M";"36-45";5;"B";"1";0;2201595.0
1003301;"F";"26-35";2;"B";"3";0;1639750.0
1003302;"M";"26-35";17;"C";"4+";0;365501.0
1003303;"M";"55+";17;"B";"3";1;143104.0
1003304;"F";"46-50";5;"B";"1";1;940395.0
1003305;"M";"55+";20;"C";"0";0;684751.0
1003306;"M";"46-50";14;"C";"1";1;409370.0
1003307;"M";"51-55";6;"C";"1";1;97766.0
1003308;"F";"18-25";20;"B";"3";1;3374716.0
1003309;"M";"26-35";17;"C";"2";1;1449420.0
1003310;"M";"46-50";14;"C";"0";1;385971.0
1003311;"M";"26-35";4;"A";"4+";0;3955182.0
1003312;"F";"18-25";4;"A";"3";0;2838896.0
1003313;"M";"36-45";20;"A";"2";0;2772227.0
1003314;"M";"26-35";7;"C";"2";0;1981086.0
1003315;"M";"26-35";12;"B";"1";1;1177447.0
1003316;"M";"0-17";19;"C";"2";0;298755.0
1003317;"M";"26-35";4;"A";"4+";1;815974.0
1003318;"M";"55+";13;"C";"4+";1;474009.0
1003319;"F";"55+";13;"B";"1";1;500554.0
1003320;"M";"26-35";1;"B";"1";1;2487599.0
1003321;"M";"36-45";1;"A";"1";0;375291.0
1003322;"F";"18-25";4;"B";"2";0;331721.0
1003323;"M";"36-45";14;"C";"2";1;595933.0
1003324;"M";"36-45";17;"C";"1";0;169624.0
1003325;"F";"36-45";14;"C";"2";1;108553.0
1003326;"M";"46-50";7;"C";"3";1;260056.0
1003327;"M";"18-25";12;"B";"4+";0;1878384.0
1003328;"M";"55+";19;"C";"2";1;1298753.0
1003329;"M";"51-55";18;"B";"1";1;654714.0
1003330;"F";"36-45";1;"C";"2";1;87863.0
1003331;"F";"26-35";7;"B";"3";0;791277.0
1003332;"M";"26-35";7;"B";"2";1;422155.0
1003333;"M";"18-25";16;"C";"1";0;1023186.0
1003334;"M";"36-45";0;"C";"3";0;465851.0
1003335;"M";"26-35";0;"A";"4+";0;120653.0
1003336;"M";"36-45";17;"B";"2";1;2646596.0
1003337;"M";"26-35";4;"A";"1";0;385617.0
1003338;"M";"46-50";16;"C";"3";1;156029.0
1003339;"M";"26-35";17;"C";"0";0;430076.0
1003340;"M";"46-50";16;"C";"1";1;815121.0
1003341;"M";"26-35";20;"B";"4+";0;894439.0
1003342;"F";"26-35";5;"C";"1";0;335517.0
1003343;"F";"18-25";4;"B";"1";0;323368.0
1003344;"M";"36-45";0;"C";"2";0;396916.0
1003345;"M";"26-35";7;"C";"4+";0;794512.0
1003346;"M";"36-45";7;"B";"3";1;1119190.0
1003347;"F";"36-45";7;"C";"0";1;325301.0
1003348;"M";"46-50";16;"C";"4+";1;268103.0
1003349;"F";"18-25";4;"B";"1";0;918745.0
1003351;"F";"18-25";5;"C";"0";1;152017.0
1003352;"M";"36-45";0;"C";"1";0;349885.0
1003353;"M";"36-45";17;"A";"3";0;1668339.0
1003354;"M";"26-35";7;"C";"2";1;171278.0
1003355;"M";"26-35";1;"C";"0";0;199461.0
1003356;"M";"36-45";7;"C";"2";1;1689451.0
1003357;"M";"26-35";18;"C";"2";1;401312.0
1003358;"F";"26-35";1;"B";"3";0;1424637.0
1003359;"M";"26-35";20;"C";"1";0;469568.0
1003360;"F";"26-35";0;"A";"3";0;188949.0
1003361;"M";"26-35";4;"B";"0";0;1282355.0
1003362;"F";"26-35";0;"C";"2";1;329130.0
1003363;"F";"36-45";9;"B";"2";1;1132556.0
1003364;"M";"55+";13;"C";"4+";0;513872.0
1003365;"M";"51-55";17;"C";"3";1;1849940.0
1003366;"M";"36-45";14;"C";"1";1;215881.0
1003367;"M";"51-55";16;"A";"1";1;2014418.0
1003368;"M";"26-35";14;"C";"1";1;533461.0
1003370;"M";"18-25";4;"C";"1";0;928206.0
1003371;"M";"26-35";2;"A";"3";0;2277249.0
1003372;"M";"55+";13;"B";"1";1;108499.0
1003373;"M";"18-25";16;"C";"4+";0;184746.0
1003374;"M";"36-45";5;"C";"3";0;424258.0
1003375;"M";"26-35";4;"C";"4+";1;128162.0
1003376;"M";"36-45";16;"C";"1";0;109808.0
1003377;"M";"26-35";17;"C";"1";0;1296144.0
1003378;"M";"18-25";4;"A";"1";0;1115897.0
1003379;"M";"36-45";1;"A";"1";0;140672.0
1003380;"M";"51-55";0;"B";"2";1;2400123.0
1003381;"M";"26-35";0;"C";"1";1;128910.0
1003382;"F";"0-17";10;"A";"2";0;222199.0
1003383;"M";"55+";16;"C";"4+";1;208521.0
1003384;"M";"36-45";7;"C";"1";0;720796.0
1003385;"F";"26-35";9;"C";"1";0;203493.0
1003386;"M";"18-25";4;"B";"3";0;624541.0
1003387;"M";"18-25";1;"B";"3";1;698690.0
1003388;"F";"26-35";1;"A";"4+";0;89764.0
1003389;"M";"18-25";0;"A";"0";0;2580967.0
1003390;"F";"46-50";20;"C";"1";1;998188.0
1003391;"M";"18-25";4;"A";"0";0;6477160.0
1003392;"M";"51-55";6;"C";"1";1;141807.0
1003393;"M";"36-45";12;"C";"3";1;1316084.0
1003394;"M";"36-45";7;"B";"4+";0;2232062.0
1003395;"M";"26-35";7;"A";"1";0;325160.0
1003396;"M";"26-35";12;"B";"4+";0;195736.0
1003397;"M";"26-35";5;"B";"0";0;179982.0
1003398;"M";"18-25";20;"C";"4+";1;246163.0
1003399;"M";"26-35";4;"C";"1";0;785143.0
1003400;"M";"26-35";14;"C";"4+";1;1658319.0
1003401;"M";"36-45";7;"B";"1";0;3466814.0
1003402;"M";"36-45";20;"B";"4+";0;1568562.0
1003403;"M";"36-45";5;"C";"1";0;1446089.0
1003404;"M";"26-35";8;"A";"1";0;253052.0
1003405;"M";"36-45";14;"B";"4+";0;191216.0
1003406;"F";"26-35";7;"C";"4+";0;236003.0
1003407;"F";"46-50";5;"C";"1";0;126156.0
1003408;"M";"26-35";17;"C";"1";0;618809.0
1003409;"M";"26-35";4;"C";"4+";1;306878.0
1003410;"M";"36-45";1;"B";"3";1;3155812.0
1003411;"M";"18-25";4;"A";"4+";0;1434879.0
1003412;"M";"26-35";18;"C";"1";0;1656361.0
1003413;"F";"26-35";17;"B";"2";0;584082.0
1003414;"M";"26-35";17;"C";"1";1;2456448.0
1003415;"M";"36-45";7;"C";"0";0;893012.0
1003416;"M";"26-35";12;"B";"4+";1;2997071.0
1003417;"F";"18-25";2;"C";"2";1;454078.0
1003418;"F";"18-25";3;"C";"4+";0;976242.0
1003419;"M";"46-50";1;"B";"1";1;728690.0
1003420;"F";"26-35";7;"A";"3";0;1185799.0
1003421;"M";"46-50";7;"B";"3";1;153390.0
1003422;"M";"26-35";5;"B";"2";0;1409118.0
1003423;"M";"26-35";7;"C";"2";0;1718863.0
1003424;"M";"26-35";6;"C";"1";1;445049.0
1003425;"M";"18-25";20;"A";"1";0;2499472.0
1003426;"M";"26-35";20;"B";"1";0;862316.0
1003427;"M";"26-35";14;"C";"2";0;322790.0
1003428;"M";"46-50";1;"C";"4+";1;850463.0
1003429;"F";"26-35";7;"B";"1";1;172377.0
1003430;"F";"46-50";1;"B";"1";1;1808834.0
1003431;"F";"46-50";6;"B";"1";1;330822.0
1003432;"M";"26-35";12;"C";"4+";0;668484.0
1003433;"M";"18-25";12;"A";"1";0;356023.0
1003434;"M";"18-25";4;"B";"1";0;1091037.0
1003435;"M";"46-50";1;"B";"3";0;701133.0
1003436;"M";"36-45";0;"C";"1";0;1123655.0
1003437;"F";"26-35";0;"C";"2";1;243379.0
1003438;"F";"26-35";0;"C";"0";1;430149.0
1003439;"M";"18-25";17;"C";"3";0;675637.0
1003440;"M";"55+";17;"C";"3";0;186272.0
1003441;"F";"26-35";14;"A";"2";0;1484873.0
1003442;"M";"18-25";12;"B";"3";0;1104226.0
1003443;"F";"36-45";17;"C";"1";0;202807.0
1003444;"M";"51-55";14;"C";"1";1;541794.0
1003445;"F";"36-45";20;"C";"1";0;789968.0
1003446;"M";"26-35";7;"C";"1";0;171376.0
1003447;"M";"26-35";12;"B";"0";0;537649.0
1003448;"F";"18-25";3;"A";"4+";0;155336.0
1003449;"M";"26-35";14;"B";"3";0;491928.0
1003450;"M";"26-35";5;"B";"3";0;1095554.0
1003451;"F";"26-35";11;"A";"0";0;281118.0
1003452;"M";"26-35";14;"C";"1";1;609696.0
1003453;"M";"36-45";7;"C";"1";0;1713404.0
1003454;"M";"18-25";0;"A";"1";1;1890772.0
1003455;"F";"26-35";0;"C";"2";0;131711.0
1003456;"M";"26-35";17;"C";"3";0;421778.0
1003457;"M";"26-35";20;"C";"1";0;819398.0
1003458;"M";"46-50";0;"C";"1";0;841484.0
1003459;"M";"18-25";4;"C";"0";0;205195.0
1003460;"M";"0-17";4;"B";"1";0;536818.0
1003461;"M";"36-45";0;"C";"0";0;350174.0
1003462;"F";"26-35";4;"B";"3";0;2401688.0
1003463;"M";"26-35";15;"C";"2";1;189078.0
1003464;"F";"26-35";14;"B";"4+";1;1980473.0
1003465;"M";"26-35";14;"C";"3";1;427788.0
1003466;"M";"26-35";14;"B";"1";0;281107.0
1003467;"M";"26-35";14;"A";"1";1;366082.0
1003468;"M";"26-35";20;"C";"2";1;337741.0
1003469;"M";"46-50";17;"B";"3";1;2668436.0
1003470;"M";"36-45";17;"C";"1";0;405600.0
1003471;"M";"18-25";4;"A";"1";0;4029004.0
1003472;"M";"26-35";6;"C";"2";1;271989.0
1003473;"F";"36-45";16;"A";"1";1;778683.0
1003474;"M";"36-45";11;"C";"4+";1;1166174.0
1003475;"M";"26-35";14;"A";"1";0;2521579.0
1003476;"M";"51-55";0;"B";"2";1;2488001.0
1003477;"F";"51-55";1;"A";"1";1;594085.0
1003478;"M";"26-35";7;"A";"1";1;330103.0
1003479;"M";"18-25";4;"C";"2";0;517853.0
1003480;"M";"26-35";0;"C";"0";0;294900.0
1003481;"M";"18-25";4;"B";"1";1;847923.0
1003482;"M";"51-55";17;"C";"2";1;449975.0
1003483;"F";"46-50";7;"B";"0";1;4002639.0
1003484;"M";"18-25";4;"C";"1";0;741302.0
1003485;"M";"26-35";0;"B";"3";0;261697.0
1003486;"F";"18-25";0;"A";"1";0;426089.0
1003487;"M";"18-25";4;"A";"1";1;1474158.0
1003488;"M";"46-50";17;"B";"3";1;142361.0
1003489;"M";"18-25";4;"A";"1";0;402682.0
1003490;"M";"26-35";0;"C";"4+";1;1248301.0
1003491;"M";"26-35";16;"B";"1";0;4016045.0
1003492;"M";"36-45";7;"B";"2";0;303760.0
1003493;"M";"26-35";17;"C";"1";0;908021.0
1003494;"M";"26-35";1;"C";"0";1;127886.0
1003495;"M";"18-25";4;"B";"0";0;89900.0
1003496;"M";"36-45";5;"C";"2";1;127898.0
1003497;"F";"36-45";2;"A";"2";0;641557.0
1003498;"M";"26-35";17;"C";"3";0;608211.0
1003499;"M";"26-35";3;"A";"2";0;2785761.0
1003500;"M";"36-45";7;"C";"1";1;368715.0
1003501;"F";"36-45";7;"C";"1";0;1122371.0
1003502;"F";"18-25";7;"C";"4+";1;248297.0
1003503;"M";"18-25";4;"B";"0";0;2930876.0
1003504;"M";"18-25";7;"B";"1";0;962358.0
1003505;"F";"26-35";15;"A";"0";1;584424.0
1003506;"M";"18-25";12;"C";"1";0;403942.0
1003507;"M";"26-35";0;"A";"3";0;4529109.0
1003508;"M";"18-25";4;"C";"0";1;294765.0
1003509;"M";"18-25";4;"A";"0";0;2085702.0
1003510;"F";"18-25";4;"B";"1";1;317229.0
1003511;"M";"51-55";0;"C";"2";1;1536363.0
1003512;"M";"18-25";17;"A";"2";0;2316798.0
1003513;"M";"26-35";16;"C";"1";0;1483461.0
1003514;"M";"18-25";12;"C";"1";0;429038.0
1003515;"M";"36-45";3;"C";"0";0;477137.0
1003516;"M";"18-25";4;"C";"0";0;867302.0
1003517;"M";"18-25";12;"C";"3";0;609682.0
1003518;"F";"18-25";7;"A";"2";0;2348539.0
1003519;"F";"26-35";14;"A";"1";1;2700974.0
1003521;"M";"26-35";0;"B";"3";0;1974694.0
1003522;"M";"18-25";0;"C";"2";0;442834.0
1003523;"M";"36-45";7;"C";"0";0;232695.0
1003524;"F";"26-35";0;"C";"4+";0;748194.0
1003525;"F";"18-25";4;"B";"1";1;402768.0
1003526;"M";"36-45";2;"B";"1";1;4131119.0
1003527;"M";"26-35";0;"B";"2";1;272627.0
1003528;"M";"36-45";5;"C";"1";0;346221.0
1003529;"F";"46-50";1;"C";"0";1;1117621.0
1003530;"M";"26-35";0;"C";"1";0;129419.0
1003531;"F";"26-35";11;"C";"1";1;390341.0
1003532;"F";"36-45";14;"B";"1";0;678124.0
1003533;"M";"26-35";2;"A";"2";1;484228.0
1003535;"M";"46-50";18;"C";"1";1;171992.0
1003536;"M";"18-25";4;"C";"0";0;1023912.0
1003537;"M";"0-17";10;"C";"1";0;265848.0
1003538;"M";"36-45";0;"C";"2";1;888889.0
1003539;"F";"26-35";4;"A";"1";1;6187094.0
1003540;"M";"18-25";17;"B";"2";1;1287597.0
1003541;"M";"26-35";3;"C";"1";1;228877.0
1003542;"M";"26-35";15;"C";"1";0;81463.0
1003543;"M";"26-35";17;"C";"2";1;496419.0
1003544;"F";"26-35";4;"B";"3";1;84637.0
1003545;"M";"36-45";12;"B";"2";0;156536.0
1003546;"M";"26-35";20;"B";"3";0;2069404.0
1003547;"M";"36-45";16;"A";"2";0;1568105.0
1003548;"M";"46-50";7;"C";"1";1;106437.0
1003549;"F";"36-45";7;"C";"4+";0;204128.0
1003550;"M";"26-35";5;"B";"0";0;1908915.0
1003551;"F";"55+";0;"C";"0";1;468260.0
1003552;"F";"36-45";2;"C";"4+";0;126547.0
1003553;"M";"36-45";16;"C";"0";1;476939.0
1003554;"M";"26-35";15;"C";"1";1;159884.0
1003555;"M";"55+";7;"C";"1";0;794625.0
1003556;"M";"26-35";17;"C";"1";1;822824.0
1003557;"M";"18-25";5;"B";"0";1;2135047.0
1003558;"M";"18-25";17;"A";"3";0;2092053.0
1003559;"M";"18-25";4;"C";"2";0;441506.0
1003560;"F";"26-35";6;"B";"4+";1;814246.0
1003562;"F";"26-35";6;"B";"4+";0;3246061.0
1003563;"M";"26-35";2;"A";"3";0;1109532.0
1003564;"M";"26-35";11;"C";"4+";0;877026.0
1003565;"M";"26-35";18;"C";"2";1;810840.0
1003566;"M";"46-50";0;"C";"3";0;128974.0
1003567;"M";"26-35";14;"C";"1";1;441883.0
1003568;"M";"26-35";0;"C";"1";1;819252.0
1003569;"F";"18-25";2;"B";"1";0;1878391.0
1003571;"M";"18-25";4;"C";"1";0;537636.0
1003572;"M";"36-45";11;"C";"1";0;613844.0
1003573;"M";"0-17";10;"B";"1";0;287410.0
1003574;"F";"36-45";6;"A";"1";1;962820.0
1003575;"M";"26-35";18;"C";"1";1;163250.0
1003576;"M";"51-55";7;"B";"3";1;2656095.0
1003577;"F";"55+";0;"C";"2";0;381397.0
1003578;"M";"51-55";3;"C";"0";1;1377902.0
1003579;"M";"18-25";0;"C";"2";0;1922679.0
1003580;"F";"18-25";3;"C";"0";0;600549.0
1003581;"M";"18-25";1;"C";"0";0;209728.0
1003582;"F";"36-45";0;"C";"1";0;630021.0
1003583;"F";"26-35";9;"C";"4+";0;181804.0
1003584;"M";"18-25";0;"C";"4+";1;373992.0
1003585;"M";"36-45";20;"A";"0";1;1194023.0
1003586;"M";"36-45";20;"A";"2";1;611783.0
1003587;"M";"36-45";3;"C";"1";0;224035.0
1003588;"M";"26-35";2;"B";"4+";0;1670373.0
1003589;"F";"46-50";0;"B";"1";1;3014776.0
1003590;"F";"18-25";15;"A";"1";0;2593264.0
1003591;"M";"36-45";6;"C";"1";0;1203438.0
1003592;"F";"55+";2;"B";"2";1;2042968.0
1003593;"F";"26-35";9;"C";"1";0;281828.0
1003594;"M";"0-17";0;"B";"0";0;970172.0
1003595;"M";"26-35";0;"C";"2";0;224216.0
1003596;"F";"36-45";4;"A";"3";0;871025.0
1003597;"M";"26-35";17;"C";"1";1;424274.0
1003598;"M";"55+";1;"A";"2";0;113331.0
1003599;"M";"26-35";16;"C";"3";0;1158129.0
1003600;"M";"36-45";20;"B";"4+";1;1775224.0
1003601;"F";"36-45";3;"B";"0";0;771578.0
1003602;"M";"26-35";12;"C";"3";0;505810.0
1003603;"F";"36-45";7;"B";"0";1;1554588.0
1003604;"F";"0-17";10;"C";"1";0;130785.0
1003605;"M";"18-25";12;"A";"2";0;973519.0
1003606;"F";"26-35";15;"C";"1";0;164223.0
1003607;"M";"36-45";17;"C";"0";0;1518625.0
1003608;"F";"36-45";9;"C";"1";0;340511.0
1003609;"F";"26-35";17;"C";"3";0;545561.0
1003610;"M";"18-25";6;"B";"4+";0;2549448.0
1003611;"M";"26-35";2;"C";"4+";0;1079485.0
1003612;"M";"26-35";14;"C";"1";1;1208427.0
1003613;"M";"26-35";0;"C";"1";1;450250.0
1003614;"M";"26-35";0;"B";"2";1;814042.0
1003615;"M";"26-35";17;"C";"2";0;955581.0
1003616;"M";"46-50";0;"C";"2";1;218749.0
1003617;"M";"36-45";7;"C";"1";0;289653.0
1003618;"M";"55+";17;"A";"4+";1;5962012.0
1003619;"M";"51-55";16;"B";"3";1;633902.0
1003620;"M";"26-35";7;"A";"1";0;2433544.0
1003621;"M";"18-25";4;"B";"3";0;1690552.0
1003622;"M";"18-25";1;"B";"2";1;869101.0
1003623;"M";"36-45";11;"C";"1";0;222448.0
1003624;"M";"26-35";12;"B";"0";1;2073593.0
1003625;"M";"18-25";10;"B";"1";0;907322.0
1003626;"M";"26-35";17;"B";"3";0;4752695.0
1003627;"F";"36-45";1;"C";"2";1;146658.0
1003628;"M";"26-35";7;"B";"4+";0;210263.0
1003629;"F";"51-55";7;"B";"0";0;406029.0
1003630;"M";"18-25";4;"B";"2";0;983308.0
1003631;"M";"18-25";4;"B";"4+";0;240521.0
1003632;"M";"51-55";11;"C";"4+";1;135235.0
1003633;"M";"36-45";18;"C";"0";0;153596.0
1003634;"M";"51-55";1;"C";"0";1;126608.0
1003635;"M";"51-55";1;"C";"1";0;1066329.0
1003636;"M";"26-35";0;"C";"2";1;116564.0
1003637;"M";"26-35";6;"C";"1";1;269892.0
1003638;"M";"26-35";2;"C";"4+";0;718555.0
1003639;"M";"18-25";4;"C";"1";0;317050.0
1003640;"M";"36-45";7;"C";"2";1;375272.0
1003641;"M";"26-35";0;"B";"1";0;2544800.0
1003642;"F";"26-35";7;"B";"1";0;77184.0
1003643;"M";"26-35";17;"C";"1";0;1368060.0
1003644;"F";"26-35";11;"A";"2";1;292138.0
1003645;"M";"36-45";17;"C";"4+";1;367853.0
1003646;"M";"36-45";20;"C";"0";1;851581.0
1003647;"M";"26-35";7;"C";"0";1;137998.0
1003648;"M";"18-25";4;"B";"1";0;2806791.0
1003649;"F";"26-35";0;"B";"2";0;233907.0
1003650;"M";"26-35";0;"A";"2";0;4384924.0
1003651;"M";"26-35";14;"A";"1";0;1781102.0
1003652;"M";"26-35";12;"B";"3";0;1641693.0
1003653;"M";"18-25";15;"C";"3";1;757883.0
1003654;"M";"26-35";17;"B";"3";1;1790168.0
1003655;"F";"26-35";7;"B";"4+";0;304401.0
1003656;"F";"46-50";5;"C";"3";1;379677.0
1003657;"M";"18-25";17;"C";"3";0;268421.0
1003658;"F";"26-35";7;"C";"4+";0;1477151.0
1003659;"M";"18-25";4;"C";"1";0;652189.0
1003660;"M";"36-45";7;"C";"3";0;378909.0
1003661;"M";"36-45";12;"C";"0";1;934097.0
1003662;"M";"36-45";16;"C";"1";0;365832.0
1003663;"F";"36-45";9;"B";"1";0;549674.0
1003664;"F";"36-45";1;"A";"0";0;461365.0
1003665;"M";"26-35";0;"A";"2";0;1364886.0
1003667;"F";"0-17";10;"C";"1";0;200800.0
1003668;"F";"46-50";7;"C";"1";1;222816.0
1003669;"M";"26-35";14;"A";"2";0;2289256.0
1003670;"M";"46-50";14;"C";"2";0;387927.0
1003671;"M";"26-35";4;"A";"1";0;958135.0
1003672;"M";"36-45";5;"C";"4+";0;1002012.0
1003673;"M";"26-35";2;"B";"1";0;935686.0
1003675;"M";"36-45";7;"B";"3";0;4260196.0
1003676;"F";"36-45";12;"B";"3";1;684919.0
1003677;"F";"26-35";12;"C";"1";0;606952.0
1003678;"M";"26-35";0;"A";"0";0;773551.0
1003679;"M";"26-35";4;"A";"2";0;2018105.0
1003680;"F";"26-35";1;"C";"1";0;276758.0
1003681;"M";"26-35";7;"B";"3";0;4168021.0
1003682;"F";"51-55";1;"C";"2";0;443332.0
1003683;"M";"26-35";2;"B";"3";1;2380582.0
1003684;"M";"26-35";17;"C";"4+";1;967943.0
1003685;"M";"26-35";5;"C";"1";1;1618235.0
1003686;"M";"26-35";7;"C";"1";1;613339.0
1003687;"F";"51-55";1;"C";"4+";0;792541.0
1003688;"M";"18-25";6;"B";"1";0;1898075.0
1003689;"M";"26-35";0;"C";"1";1;1119309.0
1003690;"M";"18-25";0;"B";"2";0;1683624.0
1003691;"M";"26-35";7;"B";"1";1;1875323.0
1003692;"M";"36-45";17;"C";"3";1;385927.0
1003693;"M";"26-35";15;"B";"1";1;3120004.0
1003694;"M";"26-35";12;"C";"3";1;262556.0
1003695;"M";"26-35";2;"A";"2";0;1901320.0
1003696;"M";"36-45";7;"C";"3";0;783758.0
1003697;"M";"26-35";15;"B";"1";0;1123660.0
1003698;"M";"26-35";7;"B";"0";0;618795.0
1003699;"F";"55+";3;"C";"3";1;430685.0
1003700;"M";"26-35";14;"B";"2";0;305631.0
1003701;"M";"36-45";1;"B";"3";0;479440.0
1003702;"M";"36-45";15;"C";"1";1;264454.0
1003703;"M";"18-25";12;"C";"0";0;260623.0
1003704;"F";"36-45";0;"C";"4+";1;1471435.0
1003705;"M";"46-50";7;"B";"1";1;4132900.0
1003706;"M";"26-35";12;"C";"3";1;334642.0
1003707;"F";"18-25";0;"C";"1";0;416419.0
1003708;"M";"55+";7;"C";"2";1;140905.0
1003709;"M";"26-35";12;"C";"3";0;1319295.0
1003710;"M";"0-17";10;"C";"1";0;359688.0
1003711;"M";"36-45";0;"C";"4+";1;656553.0
1003712;"M";"26-35";17;"C";"4+";1;895210.0
1003713;"F";"26-35";7;"B";"1";1;2058334.0
1003714;"M";"26-35";17;"C";"0";0;113085.0
1003715;"M";"18-25";5;"B";"2";0;2075961.0
1003716;"M";"18-25";12;"B";"3";1;2249056.0
1003717;"M";"36-45";17;"C";"4+";0;1684048.0
1003718;"M";"51-55";17;"C";"1";0;1302564.0
1003719;"M";"26-35";1;"C";"3";1;187169.0
1003720;"M";"46-50";7;"C";"1";0;961884.0
1003721;"M";"26-35";15;"C";"2";1;713652.0
1003722;"M";"26-35";18;"C";"4+";0;158654.0
1003723;"M";"26-35";14;"C";"1";1;273955.0
1003724;"M";"36-45";6;"B";"4+";0;2643371.0
1003725;"M";"18-25";4;"C";"3";0;137607.0
1003726;"M";"26-35";17;"C";"3";1;2120131.0
1003727;"M";"36-45";7;"B";"1";0;2186037.0
1003728;"M";"18-25";4;"B";"1";0;377208.0
1003729;"M";"18-25";4;"A";"2";0;2405765.0
1003730;"M";"26-35";1;"C";"1";0;196514.0
1003731;"M";"26-35";17;"C";"2";0;670506.0
1003732;"M";"26-35";17;"B";"0";1;943603.0
1003733;"M";"18-25";4;"C";"1";0;482877.0
1003734;"M";"18-25";4;"C";"1";0;235042.0
1003735;"M";"26-35";0;"B";"0";0;1438113.0
1003736;"M";"36-45";1;"C";"1";1;699206.0
1003737;"M";"26-35";14;"C";"3";0;974589.0
1003738;"M";"46-50";7;"C";"0";1;200064.0
1003739;"M";"55+";11;"C";"1";0;69499.0
1003740;"M";"18-25";5;"A";"1";0;335846.0
1003741;"M";"26-35";0;"C";"1";0;931532.0
1003742;"M";"26-35";0;"B";"0";1;637323.0
1003743;"F";"36-45";7;"B";"2";1;191505.0
1003744;"M";"26-35";0;"C";"1";0;156564.0
1003745;"F";"26-35";9;"C";"4+";0;796093.0
1003746;"M";"26-35";5;"B";"0";1;2013623.0
1003747;"M";"46-50";13;"C";"1";1;350766.0
1003748;"M";"18-25";4;"C";"2";0;109279.0
1003749;"F";"26-35";0;"C";"4+";0;525557.0
1003750;"F";"18-25";4;"C";"2";1;180068.0
1003751;"F";"36-45";12;"B";"4+";0;1876430.0
1003752;"F";"18-25";1;"B";"4+";0;901362.0
1003753;"M";"26-35";7;"C";"0";1;274503.0
1003754;"M";"55+";7;"C";"1";1;1664874.0
1003755;"F";"51-55";14;"C";"1";1;368010.0
1003756;"M";"18-25";12;"B";"4+";0;2335014.0
1003757;"M";"26-35";7;"B";"1";0;1357443.0
1003758;"F";"36-45";5;"C";"2";1;212662.0
1003759;"M";"36-45";6;"C";"2";0;450454.0
1003760;"M";"51-55";0;"B";"0";1;1911418.0
1003761;"M";"26-35";17;"C";"2";1;1288970.0
1003762;"M";"51-55";6;"B";"0";1;1746292.0
1003763;"M";"26-35";2;"A";"1";0;993851.0
1003764;"M";"26-35";1;"C";"3";1;151362.0
1003765;"F";"51-55";3;"C";"1";1;149570.0
1003766;"F";"18-25";1;"B";"1";0;429008.0
1003767;"M";"26-35";0;"C";"2";0;141943.0
1003768;"M";"26-35";4;"B";"2";0;3480643.0
1003769;"M";"26-35";15;"B";"0";0;2208360.0
1003770;"F";"36-45";3;"C";"1";1;1585557.0
1003771;"M";"26-35";1;"B";"0";0;2016649.0
1003772;"M";"36-45";17;"B";"0";1;292837.0
1003773;"M";"36-45";6;"B";"1";0;1720163.0
1003774;"M";"26-35";0;"C";"3";0;361437.0
1003775;"M";"36-45";12;"B";"2";0;441096.0
1003776;"F";"26-35";4;"B";"0";0;215912.0
1003777;"M";"18-25";4;"B";"0";0;666510.0
1003778;"M";"26-35";0;"B";"4+";1;3848215.0
1003779;"F";"46-50";2;"C";"0";1;190233.0
1003780;"M";"0-17";0;"C";"0";0;2002481.0
1003781;"F";"55+";11;"C";"4+";0;324814.0
1003782;"F";"26-35";0;"B";"3";0;339609.0
1003783;"M";"26-35";7;"C";"2";0;112855.0
1003784;"F";"26-35";1;"C";"0";0;212430.0
1003785;"F";"26-35";20;"C";"1";0;148081.0
1003786;"F";"26-35";0;"B";"4+";0;355662.0
1003787;"F";"26-35";0;"B";"0";1;102297.0
1003788;"F";"18-25";0;"C";"4+";1;90213.0
1003789;"F";"26-35";0;"A";"0";0;844854.0
1003790;"F";"26-35";17;"A";"1";0;841694.0
1003791;"M";"51-55";18;"C";"2";0;623388.0
1003792;"M";"26-35";6;"A";"1";0;4664744.0
1003793;"M";"18-25";4;"C";"3";0;438760.0
1003794;"F";"18-25";4;"B";"3";0;226228.0
1003795;"F";"18-25";4;"C";"3";1;164983.0
1003796;"M";"46-50";14;"C";"4+";1;989991.0
1003797;"M";"26-35";7;"C";"3";0;210909.0
1003798;"M";"26-35";7;"C";"3";0;200512.0
1003799;"M";"18-25";0;"C";"4+";1;778800.0
1003800;"M";"18-25";1;"B";"1";1;451831.0
1003801;"M";"18-25";12;"B";"0";0;561907.0
1003802;"M";"18-25";0;"C";"0";1;121287.0
1003803;"F";"36-45";9;"C";"0";0;150063.0
1003804;"M";"26-35";6;"B";"3";0;1087380.0
1003805;"F";"36-45";1;"C";"1";0;309573.0
1003806;"M";"18-25";4;"A";"4+";0;575307.0
1003807;"F";"36-45";19;"B";"2";0;2556736.0
1003808;"M";"26-35";7;"A";"2";1;5153215.0
1003809;"M";"36-45";6;"C";"1";0;434200.0
1003810;"M";"51-55";7;"C";"1";0;436738.0
1003811;"M";"26-35";15;"A";"0";0;577734.0
1003812;"M";"36-45";17;"B";"0";0;696324.0
1003813;"M";"36-45";7;"C";"2";0;357885.0
1003814;"M";"26-35";15;"A";"1";1;207593.0
1003815;"M";"26-35";17;"C";"0";0;796421.0
1003816;"F";"26-35";3;"A";"1";1;1762828.0
1003817;"M";"36-45";3;"C";"1";1;280641.0
1003818;"M";"46-50";17;"C";"0";1;230183.0
1003819;"M";"26-35";12;"B";"1";0;755508.0
1003820;"M";"26-35";17;"C";"2";1;441308.0
1003821;"M";"26-35";20;"A";"2";1;2829585.0
1003822;"M";"46-50";20;"C";"1";0;965895.0
1003823;"M";"55+";7;"B";"1";0;3809263.0
1003824;"M";"26-35";17;"A";"3";1;4622434.0
1003825;"M";"18-25";1;"B";"0";0;2079067.0
1003826;"M";"26-35";1;"A";"1";1;128306.0
1003827;"M";"51-55";2;"C";"1";1;991347.0
1003828;"M";"26-35";20;"B";"1";0;304636.0
1003829;"F";"26-35";1;"B";"1";0;3339504.0
1003830;"M";"18-25";4;"C";"1";0;693722.0
1003831;"F";"18-25";6;"C";"1";0;669356.0
1003832;"F";"26-35";7;"B";"1";1;528171.0
1003833;"M";"26-35";1;"B";"2";0;1686874.0
1003834;"M";"18-25";2;"B";"2";0;3436836.0
1003835;"M";"26-35";7;"B";"3";0;542832.0
1003836;"F";"51-55";8;"B";"1";0;2512923.0
1003837;"M";"26-35";17;"C";"0";0;856613.0
1003838;"F";"26-35";14;"B";"2";1;84320.0
1003839;"M";"51-55";14;"C";"3";1;617644.0
1003840;"F";"26-35";0;"B";"3";0;388518.0
1003841;"M";"46-50";18;"A";"4+";0;6044415.0
1003842;"F";"36-45";16;"B";"4+";0;2838689.0
1003843;"F";"0-17";10;"B";"2";0;133988.0
1003844;"M";"18-25";4;"C";"3";1;599469.0
1003845;"M";"26-35";12;"C";"1";1;398325.0
1003846;"M";"36-45";0;"C";"0";0;302041.0
1003847;"M";"26-35";7;"B";"1";0;1956536.0
1003848;"M";"26-35";15;"C";"1";0;402661.0
1003849;"M";"36-45";0;"C";"4+";0;369358.0
1003850;"M";"18-25";3;"B";"0";0;2233172.0
1003851;"M";"26-35";12;"A";"0";0;354290.0
1003852;"M";"51-55";16;"B";"4+";1;352113.0
1003853;"M";"26-35";14;"B";"1";1;2423351.0
1003854;"M";"26-35";14;"C";"1";1;473724.0
1003855;"M";"26-35";17;"C";"1";1;697389.0
1003856;"F";"36-45";20;"C";"1";1;279288.0
1003857;"M";"18-25";14;"C";"4+";0;237302.0
1003858;"F";"46-50";9;"B";"2";1;984958.0
1003859;"M";"26-35";0;"C";"1";0;1975138.0
1003860;"M";"46-50";17;"C";"0";0;939799.0
1003861;"M";"18-25";4;"C";"3";0;281070.0
1003862;"M";"26-35";17;"A";"3";0;201857.0
1003863;"M";"26-35";0;"C";"2";0;204460.0
1003864;"M";"51-55";20;"C";"0";1;1419191.0
1003865;"F";"0-17";10;"C";"2";0;178697.0
1003866;"M";"46-50";14;"C";"3";1;434659.0
1003868;"M";"18-25";12;"C";"0";0;1462146.0
1003869;"M";"18-25";17;"C";"0";0;179695.0
1003870;"M";"26-35";17;"C";"0";0;106077.0
1003871;"M";"18-25";4;"C";"4+";0;468067.0
1003872;"M";"26-35";1;"C";"2";0;314540.0
1003873;"F";"46-50";2;"C";"4+";0;453235.0
1003874;"M";"26-35";7;"A";"3";0;1016365.0
1003875;"M";"26-35";0;"C";"4+";0;302417.0
1003876;"M";"26-35";0;"C";"3";0;189889.0
1003877;"M";"46-50";1;"C";"1";1;185802.0
1003878;"M";"36-45";16;"B";"4+";0;2915995.0
1003879;"M";"26-35";3;"C";"1";1;166909.0
1003880;"M";"26-35";7;"C";"2";0;318528.0
1003881;"M";"18-25";2;"B";"1";1;319281.0
1003882;"M";"55+";14;"C";"1";1;1084922.0
1003883;"M";"51-55";16;"C";"2";1;49349.0
1003884;"M";"18-25";4;"A";"1";1;2625364.0
1003885;"M";"26-35";12;"B";"4+";1;3630036.0
1003886;"M";"36-45";7;"A";"4+";1;499883.0
1003887;"M";"18-25";4;"C";"1";0;1504347.0
1003888;"M";"46-50";17;"C";"0";1;622607.0
1003889;"M";"46-50";6;"C";"0";1;856437.0
1003890;"M";"18-25";4;"C";"3";0;478478.0
1003891;"F";"55+";16;"A";"1";1;508869.0
1003892;"M";"26-35";20;"A";"0";0;2800460.0
1003893;"M";"26-35";6;"C";"4+";1;238707.0
1003894;"M";"36-45";16;"A";"2";1;942900.0
1003895;"F";"36-45";0;"C";"0";1;257901.0
1003896;"M";"36-45";0;"B";"2";0;714580.0
1003897;"M";"55+";17;"C";"3";0;170895.0
1003898;"M";"46-50";11;"C";"0";0;598848.0
1003899;"M";"26-35";17;"A";"0";0;252469.0
1003900;"F";"26-35";14;"B";"2";1;2112627.0
1003901;"M";"18-25";14;"C";"0";0;353478.0
1003902;"M";"26-35";5;"C";"2";0;1746322.0
1003903;"M";"26-35";0;"C";"1";0;832194.0
1003904;"M";"0-17";10;"C";"1";0;537549.0
1003905;"M";"26-35";17;"C";"3";0;426211.0
1003906;"M";"51-55";17;"C";"1";0;533883.0
1003907;"F";"18-25";14;"B";"2";1;249836.0
1003908;"M";"26-35";0;"B";"2";0;794183.0
1003909;"M";"18-25";17;"A";"2";0;386414.0
1003910;"M";"26-35";20;"A";"2";0;1478302.0
1003911;"M";"18-25";0;"A";"1";1;172888.0
1003912;"M";"26-35";4;"A";"2";0;730356.0
1003913;"M";"18-25";17;"B";"0";0;722967.0
1003914;"M";"36-45";4;"C";"3";0;843972.0
1003915;"F";"36-45";3;"C";"4+";1;108865.0
1003916;"M";"26-35";4;"A";"2";1;2899995.0
1003917;"F";"36-45";9;"A";"0";0;586372.0
1003918;"M";"26-35";18;"C";"1";0;121259.0
1003919;"M";"46-50";0;"C";"3";0;413611.0
1003920;"M";"36-45";17;"C";"1";0;420486.0
1003921;"M";"26-35";14;"C";"2";1;433413.0
1003922;"M";"18-25";4;"B";"1";0;701411.0
1003923;"M";"36-45";2;"C";"2";0;574829.0
1003924;"M";"51-55";12;"C";"1";1;370751.0
1003925;"M";"26-35";12;"C";"1";1;664740.0
1003927;"F";"26-35";16;"C";"2";0;882873.0
1003928;"M";"26-35";0;"C";"1";1;136549.0
1003929;"M";"26-35";5;"B";"1";1;3105976.0
1003930;"M";"55+";3;"C";"0";1;1040292.0
1003931;"M";"26-35";5;"C";"1";0;1414837.0
1003932;"M";"26-35";7;"C";"0";1;186059.0
1003933;"F";"36-45";6;"A";"1";0;150655.0
1003934;"M";"26-35";0;"B";"2";0;2278566.0
1003935;"M";"36-45";18;"C";"4+";0;919284.0
1003936;"F";"36-45";12;"C";"3";1;213023.0
1003937;"M";"55+";2;"C";"2";1;542072.0
1003938;"M";"26-35";2;"C";"2";0;513298.0
1003939;"M";"46-50";7;"C";"1";1;164309.0
1003940;"M";"36-45";20;"B";"3";1;2440164.0
1003941;"M";"46-50";17;"C";"0";1;254722.0
1003942;"M";"18-25";4;"B";"4+";0;2370980.0
1003943;"F";"36-45";7;"C";"2";1;293277.0
1003944;"F";"36-45";16;"C";"1";0;190348.0
1003945;"F";"46-50";1;"B";"2";0;2357711.0
1003946;"F";"26-35";12;"B";"0";0;1467886.0
1003947;"M";"26-35";0;"C";"3";0;624477.0
1003948;"F";"46-50";12;"C";"1";1;366008.0
1003949;"M";"46-50";0;"C";"3";0;407432.0
1003950;"M";"26-35";4;"C";"3";0;282562.0
1003951;"F";"18-25";4;"C";"3";1;1407141.0
1003952;"F";"46-50";1;"C";"3";0;278113.0
1003953;"M";"26-35";12;"A";"4+";0;1462953.0
1003954;"M";"18-25";4;"C";"4+";0;274015.0
1003955;"M";"36-45";0;"C";"0";1;1059521.0
1003956;"M";"26-35";0;"C";"4+";0;188993.0
1003957;"M";"36-45";11;"B";"1";0;2022583.0
1003958;"M";"46-50";7;"C";"1";0;890619.0
1003959;"F";"46-50";1;"C";"1";1;76712.0
1003960;"F";"36-45";14;"C";"1";1;97393.0
1003961;"M";"26-35";1;"C";"1";0;1282578.0
1003962;"F";"55+";0;"A";"4+";0;381069.0
1003963;"M";"51-55";20;"A";"2";0;2772580.0
1003964;"M";"55+";16;"C";"1";1;499260.0
1003965;"M";"18-25";11;"C";"3";0;1845363.0
1003966;"M";"26-35";0;"C";"2";1;250438.0
1003967;"F";"18-25";2;"A";"1";0;1501681.0
1003968;"M";"26-35";2;"C";"1";0;721227.0
1003969;"M";"55+";7;"A";"1";1;87549.0
1003970;"F";"26-35";2;"C";"2";1;1365468.0
1003971;"F";"18-25";4;"B";"0";0;1635171.0
1003972;"F";"26-35";6;"C";"3";0;128558.0
1003973;"M";"26-35";7;"A";"1";1;377752.0
1003974;"M";"36-45";0;"C";"1";1;632984.0
1003975;"F";"26-35";5;"B";"1";0;516318.0
1003976;"F";"26-35";0;"B";"4+";0;1253796.0
1003977;"M";"36-45";14;"C";"4+";1;128291.0
1003978;"M";"36-45";13;"C";"2";1;947776.0
1003979;"F";"51-55";9;"C";"1";1;595068.0
1003980;"M";"26-35";4;"C";"2";0;183255.0
1003981;"F";"46-50";0;"C";"3";1;870897.0
1003982;"M";"55+";13;"C";"2";0;378034.0
1003983;"M";"26-35";0;"B";"1";0;696207.0
1003984;"M";"26-35";7;"C";"1";1;442196.0
1003985;"M";"46-50";16;"C";"1";1;1449509.0
1003986;"M";"26-35";7;"C";"2";1;221442.0
1003987;"F";"18-25";4;"C";"2";0;208088.0
1003988;"F";"26-35";14;"B";"4+";0;960906.0
1003989;"M";"51-55";12;"A";"0";1;1060499.0
1003990;"M";"26-35";16;"B";"1";0;301602.0
1003991;"M";"26-35";7;"C";"0";0;235326.0
1003992;"M";"26-35";4;"B";"1";0;2808359.0
1003993;"M";"26-35";0;"B";"2";0;1608146.0
1003994;"M";"51-55";7;"B";"2";1;1209200.0
1003995;"M";"36-45";17;"C";"3";1;1054386.0
1003996;"M";"18-25";14;"C";"1";0;843545.0
1003997;"M";"36-45";17;"B";"1";1;2024395.0
1003998;"M";"46-50";0;"C";"4+";1;1199641.0
1003999;"M";"36-45";17;"B";"4+";0;3460965.0
1004000;"M";"36-45";7;"B";"3";0;414074.0
1004001;"F";"26-35";1;"B";"1";1;1634346.0
1004002;"M";"46-50";16;"C";"0";1;375123.0
1004003;"M";"55+";13;"C";"4+";1;275717.0
1004004;"M";"51-55";0;"C";"1";1;729834.0
1004005;"M";"36-45";7;"C";"3";0;1417991.0
1004006;"M";"0-17";7;"C";"3";0;1085469.0
1004007;"M";"36-45";12;"A";"1";1;2447282.0
1004008;"M";"18-25";1;"B";"2";1;126397.0
1004009;"M";"18-25";7;"C";"4+";0;1032480.0
1004010;"M";"26-35";14;"C";"0";0;94402.0
1004011;"M";"26-35";17;"B";"4+";0;172540.0
1004012;"M";"18-25";4;"C";"0";0;227736.0
1004013;"M";"26-35";1;"C";"4+";1;1151555.0
1004014;"M";"26-35";0;"C";"2";1;1110657.0
1004015;"F";"46-50";3;"B";"2";1;476001.0
1004016;"M";"51-55";0;"B";"1";0;3048629.0
1004017;"M";"26-35";14;"C";"3";0;165115.0
1004018;"F";"46-50";20;"C";"2";1;1194312.0
1004019;"M";"36-45";17;"C";"1";1;75670.0
1004020;"M";"26-35";6;"C";"1";1;595186.0
1004021;"M";"51-55";20;"B";"1";1;4617716.0
1004022;"M";"36-45";14;"B";"1";1;2163517.0
1004023;"F";"36-45";9;"C";"1";1;466015.0
1004024;"M";"26-35";5;"B";"3";1;872130.0
1004025;"F";"55+";6;"C";"2";1;152448.0
1004026;"M";"26-35";7;"C";"2";0;1549537.0
1004027;"F";"26-35";7;"C";"0";1;452845.0
1004028;"M";"26-35";4;"A";"2";0;2639480.0
1004029;"F";"55+";3;"C";"4+";1;304666.0
1004030;"M";"36-45";7;"B";"3";1;556319.0
1004031;"M";"26-35";0;"C";"0";1;263386.0
1004032;"M";"26-35";12;"B";"1";0;1308159.0
1004033;"M";"26-35";6;"B";"1";0;3578443.0
1004034;"M";"26-35";0;"C";"1";1;669839.0
1004035;"M";"18-25";4;"C";"1";1;379335.0
1004036;"M";"26-35";1;"C";"2";1;525865.0
1004037;"M";"51-55";16;"C";"2";0;226814.0
1004038;"M";"51-55";6;"C";"1";1;132536.0
1004039;"M";"26-35";16;"A";"2";1;402596.0
1004040;"M";"26-35";20;"B";"2";1;910999.0
1004041;"M";"18-25";3;"B";"2";0;4357233.0
1004042;"M";"36-45";15;"B";"3";1;2333608.0
1004043;"F";"26-35";15;"B";"3";0;795595.0
1004044;"F";"36-45";3;"B";"1";0;313566.0
1004045;"M";"55+";13;"C";"2";0;178246.0
1004046;"M";"46-50";17;"C";"0";0;227662.0
1004047;"M";"18-25";4;"B";"1";1;485297.0
1004048;"F";"36-45";1;"B";"1";0;3918558.0
1004049;"M";"46-50";11;"A";"3";1;2279081.0
1004050;"M";"36-45";6;"B";"1";0;1114697.0
1004051;"M";"18-25";14;"C";"2";0;377603.0
1004052;"M";"26-35";2;"B";"0";0;235451.0
1004053;"M";"26-35";18;"B";"1";0;2706497.0
1004054;"M";"36-45";3;"B";"1";0;3384331.0
1004055;"M";"51-55";0;"B";"4+";1;1912609.0
1004056;"M";"0-17";10;"B";"1";0;75931.0
1004057;"M";"36-45";6;"C";"1";1;207609.0
1004058;"M";"26-35";6;"B";"3";1;2451245.0
1004059;"M";"26-35";14;"C";"1";1;108873.0
1004060;"M";"26-35";18;"C";"2";1;1316414.0
1004061;"M";"51-55";6;"C";"1";1;176170.0
1004062;"M";"26-35";7;"C";"1";0;1849674.0
1004063;"F";"36-45";1;"C";"4+";0;338881.0
1004064;"M";"46-50";0;"A";"1";1;4152813.0
1004065;"F";"46-50";5;"C";"1";1;202604.0
1004066;"M";"26-35";0;"C";"2";0;484721.0
1004067;"M";"46-50";20;"C";"4+";1;276663.0
1004068;"M";"55+";3;"C";"2";1;104817.0
1004069;"M";"36-45";15;"C";"1";1;209699.0
1004070;"M";"26-35";15;"C";"2";0;869242.0
1004071;"M";"26-35";17;"C";"3";1;514376.0
1004072;"M";"51-55";6;"B";"4+";0;1280935.0
1004074;"M";"36-45";6;"C";"0";0;119333.0
1004075;"M";"26-35";16;"B";"3";1;354730.0
1004076;"M";"26-35";17;"A";"2";0;223448.0
1004077;"F";"36-45";2;"A";"3";0;1319038.0
1004078;"M";"26-35";15;"C";"0";0;1209401.0
1004079;"M";"36-45";17;"B";"3";1;2611175.0
1004080;"M";"36-45";1;"C";"2";0;608989.0
1004081;"M";"18-25";12;"C";"2";0;238591.0
1004082;"M";"26-35";20;"B";"4+";0;636888.0
1004083;"M";"55+";14;"A";"0";0;3482446.0
1004084;"M";"55+";13;"C";"0";0;952395.0
1004085;"F";"26-35";6;"A";"1";0;4094743.0
1004086;"F";"0-17";10;"B";"2";0;1938500.0
1004087;"M";"0-17";4;"C";"1";0;230070.0
1004088;"M";"26-35";3;"B";"4+";1;2003034.0
1004089;"M";"26-35";7;"A";"1";0;3848230.0
1004090;"M";"55+";6;"C";"1";1;1012335.0
1004091;"M";"26-35";17;"A";"2";1;526756.0
1004092;"F";"26-35";0;"C";"4+";0;286054.0
1004093;"M";"26-35";4;"C";"2";0;902859.0
1004094;"M";"26-35";17;"C";"3";0;1568731.0
1004097;"M";"26-35";7;"C";"3";0;139952.0
1004098;"M";"36-45";7;"C";"4+";0;948155.0
1004099;"M";"36-45";17;"C";"0";0;648252.0
1004100;"M";"55+";6;"C";"1";0;172518.0
1004101;"M";"18-25";4;"C";"3";0;544711.0
1004102;"M";"0-17";10;"C";"1";0;328503.0
1004103;"M";"18-25";16;"C";"1";0;598458.0
1004104;"M";"18-25";16;"C";"1";0;941681.0
1004105;"M";"51-55";7;"C";"1";1;194710.0
1004106;"M";"26-35";16;"C";"1";0;94472.0
1004107;"F";"26-35";0;"B";"1";0;2265435.0
1004108;"M";"36-45";17;"C";"2";1;171107.0
1004109;"M";"36-45";3;"B";"0";0;248036.0
1004110;"F";"46-50";7;"C";"3";1;150119.0
1004111;"M";"26-35";15;"B";"4+";0;248563.0
1004112;"M";"46-50";18;"B";"3";1;1654271.0
1004113;"M";"36-45";17;"C";"3";0;213550.0
1004114;"M";"36-45";14;"B";"1";0;974011.0
1004115;"M";"26-35";15;"B";"1";0;2816358.0
1004116;"M";"36-45";7;"A";"2";0;2611597.0
1004117;"M";"18-25";4;"B";"4+";0;1523172.0
1004118;"M";"26-35";3;"C";"3";0;1261040.0
1004119;"M";"51-55";1;"C";"2";0;360131.0
1004120;"M";"26-35";16;"C";"1";1;189606.0
1004121;"M";"46-50";7;"B";"3";0;812441.0
1004122;"M";"18-25";19;"C";"4+";0;1590849.0
1004123;"F";"26-35";4;"C";"1";0;370729.0
1004124;"M";"26-35";18;"C";"1";1;1350161.0
1004125;"M";"36-45";2;"C";"2";1;156322.0
1004126;"M";"26-35";17;"B";"1";0;1875299.0
1004127;"M";"51-55";17;"B";"1";1;726058.0
1004128;"M";"36-45";6;"C";"1";0;276249.0
1004129;"M";"55+";11;"C";"4+";1;172397.0
1004130;"M";"36-45";6;"B";"4+";1;1418637.0
1004131;"M";"46-50";7;"C";"2";1;722849.0
1004132;"M";"26-35";17;"C";"2";0;1047136.0
1004133;"M";"46-50";4;"C";"2";0;523343.0
1004134;"F";"46-50";12;"C";"2";0;513509.0
1004135;"M";"0-17";10;"C";"1";0;512109.0
1004136;"M";"51-55";16;"C";"4+";0;336836.0
1004137;"M";"26-35";7;"C";"1";0;378063.0
1004138;"M";"26-35";7;"B";"1";1;503620.0
1004139;"M";"55+";14;"B";"1";1;2003714.0
1004140;"M";"26-35";0;"B";"4+";0;3560105.0
1004141;"M";"36-45";17;"B";"2";0;1392695.0
1004142;"M";"55+";7;"C";"1";1;129173.0
1004143;"F";"26-35";5;"C";"2";0;316673.0
1004144;"M";"18-25";4;"C";"3";0;744150.0
1004145;"F";"51-55";1;"C";"0";1;162490.0
1004146;"M";"36-45";17;"C";"2";1;160783.0
1004147;"F";"51-55";7;"C";"1";1;423524.0
1004148;"F";"36-45";7;"C";"3";0;737840.0
1004149;"M";"36-45";1;"C";"3";1;242504.0
1004150;"M";"26-35";0;"B";"3";0;1926363.0
1004152;"M";"26-35";14;"C";"1";1;779474.0
1004153;"M";"51-55";17;"B";"3";1;985855.0
1004154;"M";"26-35";1;"C";"0";1;146300.0
1004155;"M";"51-55";17;"C";"1";0;414898.0
1004156;"M";"55+";20;"B";"1";0;2737648.0
1004157;"M";"51-55";18;"B";"1";1;259381.0
1004158;"F";"0-17";10;"A";"1";0;105279.0
1004159;"F";"51-55";9;"C";"1";1;91575.0
1004160;"M";"36-45";20;"A";"4+";1;764187.0
1004161;"M";"46-50";0;"B";"3";1;1949213.0
1004162;"F";"26-35";14;"B";"3";0;682139.0
1004163;"M";"55+";7;"C";"1";1;121799.0
1004164;"M";"36-45";1;"C";"0";1;273939.0
1004165;"F";"26-35";14;"A";"1";0;218914.0
1004166;"F";"26-35";7;"C";"0";1;76492.0
1004167;"M";"26-35";20;"B";"1";0;2815284.0
1004168;"F";"46-50";6;"C";"4+";1;569871.0
1004170;"M";"46-50";7;"C";"4+";1;551429.0
1004171;"M";"55+";16;"C";"2";1;645403.0
1004172;"M";"36-45";7;"C";"1";1;425438.0
1004173;"F";"18-25";11;"C";"1";0;444779.0
1004174;"F";"36-45";3;"C";"3";0;299654.0
1004175;"M";"36-45";0;"C";"1";0;482829.0
1004176;"M";"46-50";7;"C";"4+";0;111651.0
1004177;"M";"36-45";17;"C";"2";0;1058708.0
1004178;"F";"51-55";16;"C";"2";0;62753.0
1004179;"F";"36-45";20;"C";"3";1;1076388.0
1004180;"M";"55+";13;"C";"1";1;531531.0
1004181;"F";"26-35";7;"C";"2";0;465343.0
1004182;"M";"26-35";18;"C";"3";0;398460.0
1004183;"M";"26-35";1;"B";"4+";0;1809154.0
1004184;"M";"51-55";7;"C";"0";1;127039.0
1004185;"M";"26-35";14;"C";"3";0;192080.0
1004186;"M";"26-35";7;"B";"1";1;2448401.0
1004187;"F";"55+";20;"C";"2";1;413040.0
1004188;"M";"51-55";7;"C";"3";0;241663.0
1004189;"M";"36-45";14;"C";"2";1;204706.0
1004190;"M";"46-50";17;"C";"0";0;389899.0
1004191;"F";"46-50";15;"C";"0";0;166126.0
1004192;"M";"36-45";17;"C";"3";0;74610.0
1004193;"M";"55+";13;"C";"1";0;1443905.0
1004194;"M";"18-25";4;"C";"1";1;842664.0
1004196;"M";"36-45";14;"C";"1";1;164195.0
1004197;"F";"46-50";1;"B";"2";0;130050.0
1004198;"M";"18-25";4;"C";"0";0;231643.0
1004199;"F";"26-35";9;"C";"2";0;256445.0
1004200;"M";"46-50";7;"C";"1";0;342596.0
1004201;"F";"26-35";0;"C";"3";1;210609.0
1004203;"M";"26-35";18;"C";"2";1;935533.0
1004204;"M";"36-45";7;"C";"4+";0;1903560.0
1004205;"F";"26-35";15;"C";"2";0;255866.0
1004206;"F";"36-45";1;"C";"1";0;322874.0
1004207;"M";"36-45";1;"C";"4+";0;1335285.0
1004208;"F";"36-45";0;"C";"0";0;268784.0
1004209;"M";"55+";0;"C";"1";0;157881.0
1004210;"M";"26-35";17;"C";"0";0;766279.0
1004211;"M";"46-50";5;"C";"2";1;124677.0
1004213;"M";"36-45";7;"B";"4+";0;2898747.0
1004214;"F";"26-35";0;"C";"0";0;171972.0
1004215;"M";"26-35";7;"A";"2";0;1641548.0
1004216;"M";"26-35";17;"C";"2";0;179050.0
1004217;"M";"18-25";4;"B";"2";0;2417147.0
1004218;"M";"51-55";17;"C";"2";1;438703.0
1004220;"M";"36-45";0;"B";"0";1;988439.0
1004221;"M";"36-45";4;"C";"2";1;585132.0
1004222;"F";"46-50";17;"C";"2";0;710606.0
1004223;"F";"36-45";17;"A";"2";0;786695.0
1004224;"F";"46-50";1;"C";"1";1;1450383.0
1004225;"F";"26-35";3;"A";"4+";0;663978.0
1004226;"F";"36-45";6;"C";"1";0;192495.0
1004227;"M";"26-35";19;"A";"0";0;4836540.0
1004228;"M";"51-55";18;"C";"1";0;100315.0
1004229;"M";"36-45";17;"C";"2";1;249046.0
1004230;"M";"55+";13;"C";"0";1;89800.0
1004231;"F";"51-55";18;"C";"4+";0;339704.0
1004232;"F";"36-45";20;"B";"0";1;306063.0
1004233;"M";"36-45";4;"C";"0";0;781557.0
1004234;"F";"46-50";3;"B";"1";0;779109.0
1004235;"M";"51-55";2;"C";"1";0;714907.0
1004236;"F";"26-35";3;"C";"4+";1;319915.0
1004237;"M";"26-35";14;"C";"4+";1;783845.0
1004238;"M";"36-45";16;"B";"3";0;4350638.0
1004239;"M";"51-55";7;"B";"1";0;502597.0
1004240;"M";"36-45";17;"C";"3";0;383206.0
1004241;"M";"36-45";7;"C";"1";1;550254.0
1004242;"M";"51-55";7;"B";"4+";1;940866.0
1004243;"M";"55+";7;"C";"2";1;1126155.0
1004244;"M";"36-45";17;"C";"1";1;80924.0
1004245;"M";"51-55";12;"C";"3";0;661031.0
1004246;"F";"36-45";7;"C";"0";0;205272.0
1004247;"M";"26-35";4;"B";"0";1;508045.0
1004248;"M";"26-35";4;"C";"1";0;600850.0
1004249;"F";"18-25";17;"C";"1";0;573886.0
1004250;"F";"51-55";0;"C";"4+";1;2156346.0
1004251;"M";"46-50";7;"C";"2";0;456898.0
1004252;"F";"36-45";3;"B";"3";0;551830.0
1004253;"M";"46-50";11;"B";"0";0;1629386.0
1004254;"M";"26-35";17;"C";"2";0;119846.0
1004255;"M";"51-55";12;"C";"1";1;258589.0
1004256;"F";"0-17";2;"C";"1";0;143655.0
1004257;"M";"51-55";16;"C";"2";1;567971.0
1004258;"M";"26-35";17;"B";"2";0;1883517.0
1004259;"M";"36-45";17;"C";"1";0;174728.0
1004260;"M";"26-35";16;"C";"3";1;1354381.0
1004261;"F";"36-45";6;"C";"3";0;1892804.0
1004262;"F";"36-45";6;"C";"3";0;250783.0
1004263;"M";"26-35";7;"C";"4+";0;241548.0
1004264;"M";"46-50";1;"C";"1";1;153279.0
1004265;"M";"26-35";12;"C";"1";0;1223771.0
1004266;"M";"55+";13;"C";"1";1;347340.0
1004267;"M";"36-45";7;"C";"1";1;157250.0
1004268;"F";"46-50";20;"B";"3";0;1390049.0
1004269;"M";"36-45";18;"B";"1";1;1136557.0
1004270;"M";"46-50";7;"C";"1";1;135287.0
1004271;"M";"36-45";7;"B";"2";0;2416522.0
1004272;"M";"46-50";17;"B";"0";0;674006.0
1004273;"M";"46-50";13;"A";"2";1;149081.0
1004274;"F";"46-50";1;"C";"3";1;685054.0
1004275;"F";"46-50";16;"C";"3";0;196983.0
1004276;"F";"46-50";0;"C";"4+";1;445602.0
1004277;"M";"36-45";16;"A";"0";0;10536909.0
1004278;"F";"46-50";7;"C";"0";0;216140.0
1004279;"M";"26-35";16;"B";"1";0;2772732.0
1004280;"M";"36-45";17;"C";"2";0;386870.0
1004281;"M";"55+";13;"A";"4+";0;909025.0
1004282;"M";"36-45";0;"C";"1";1;143641.0
1004283;"F";"26-35";9;"C";"1";0;201449.0
1004284;"M";"51-55";7;"B";"1";0;879768.0
1004285;"M";"36-45";0;"B";"3";0;2927932.0
1004286;"M";"36-45";17;"C";"0";0;940186.0
1004287;"M";"26-35";7;"C";"2";1;2189401.0
1004288;"F";"26-35";9;"C";"1";0;153451.0
1004289;"M";"36-45";14;"C";"4+";1;826938.0
1004290;"M";"26-35";17;"C";"1";0;334132.0
1004291;"M";"36-45";14;"A";"1";0;1414153.0
1004292;"M";"26-35";0;"C";"3";1;625802.0
1004293;"F";"46-50";9;"B";"0";1;276411.0
1004294;"M";"0-17";10;"C";"0";0;632462.0
1004295;"M";"18-25";18;"C";"3";0;102631.0
1004296;"M";"55+";6;"C";"2";1;293082.0
1004297;"M";"46-50";15;"B";"3";1;216983.0
1004298;"F";"18-25";14;"C";"1";0;1575738.0
1004300;"F";"18-25";4;"A";"4+";0;206175.0
1004301;"M";"36-45";11;"C";"1";1;198664.0
1004302;"M";"51-55";1;"C";"1";0;1334755.0
1004303;"M";"26-35";2;"B";"3";0;1907226.0
1004304;"M";"18-25";0;"C";"2";0;183498.0
1004305;"F";"46-50";17;"B";"1";1;3793000.0
1004306;"M";"46-50";7;"C";"1";1;488887.0
1004307;"M";"26-35";0;"B";"1";0;170268.0
1004308;"M";"26-35";0;"C";"4+";0;520203.0
1004309;"M";"26-35";0;"C";"3";0;716633.0
1004310;"M";"26-35";4;"C";"2";1;1970968.0
1004311;"M";"51-55";13;"B";"0";0;381476.0
1004312;"M";"26-35";18;"A";"0";1;4256751.0
1004313;"F";"26-35";7;"C";"4+";0;623959.0
1004314;"M";"26-35";17;"C";"3";0;213619.0
1004315;"M";"18-25";4;"C";"2";0;685169.0
1004316;"M";"26-35";6;"C";"1";1;204263.0
1004317;"F";"36-45";14;"B";"0";0;349522.0
1004318;"M";"26-35";5;"B";"3";0;2636413.0
1004319;"M";"36-45";7;"C";"2";1;234934.0
1004320;"M";"26-35";5;"C";"1";0;674038.0
1004321;"M";"46-50";7;"C";"3";1;252418.0
1004322;"F";"51-55";6;"B";"1";0;1913779.0
1004323;"M";"18-25";4;"C";"2";0;770082.0
1004324;"M";"26-35";5;"A";"1";0;245440.0
1004325;"M";"26-35";0;"C";"4+";1;83072.0
1004326;"F";"46-50";13;"B";"1";1;502815.0
1004327;"M";"36-45";17;"B";"1";0;1227714.0
1004328;"M";"51-55";3;"C";"1";1;1647463.0
1004329;"F";"26-35";14;"B";"0";1;986320.0
1004330;"F";"46-50";6;"B";"2";1;196396.0
1004331;"M";"36-45";6;"B";"3";0;189137.0
1004332;"F";"26-35";3;"C";"4+";1;152637.0
1004333;"M";"51-55";2;"C";"1";1;1115846.0
1004334;"M";"26-35";1;"C";"0";0;845704.0
1004335;"M";"36-45";0;"B";"3";0;2516143.0
1004336;"F";"26-35";0;"B";"4+";0;521209.0
1004337;"M";"18-25";20;"C";"4+";0;1222462.0
1004338;"F";"18-25";5;"C";"0";0;158509.0
1004339;"M";"26-35";2;"C";"3";0;433531.0
1004340;"F";"26-35";17;"C";"1";0;93987.0
1004341;"M";"36-45";17;"C";"1";0;215308.0
1004342;"M";"26-35";0;"C";"2";1;1561217.0
1004343;"M";"26-35";12;"C";"1";1;912835.0
1004344;"M";"26-35";1;"A";"4+";0;5733683.0
1004345;"F";"26-35";14;"B";"1";0;2410609.0
1004346;"M";"18-25";17;"B";"2";1;419737.0
1004347;"F";"18-25";20;"C";"1";0;715692.0
1004348;"M";"46-50";0;"C";"1";1;160816.0
1004349;"M";"18-25";2;"C";"0";0;72650.0
1004350;"M";"18-25";2;"C";"4+";0;360196.0
1004351;"M";"26-35";12;"C";"2";0;1402726.0
1004352;"M";"18-25";4;"B";"0";0;2282284.0
1004353;"M";"26-35";7;"A";"1";0;878028.0
1004354;"M";"36-45";14;"B";"2";0;3406586.0
1004355;"M";"51-55";14;"C";"0";0;308629.0
1004356;"M";"36-45";16;"C";"0";1;1464947.0
1004357;"F";"36-45";9;"C";"1";1;257004.0
1004358;"M";"36-45";17;"C";"0";0;143662.0
1004359;"M";"18-25";4;"C";"2";0;494230.0
1004360;"F";"26-35";9;"B";"1";0;701489.0
1004361;"M";"36-45";15;"C";"0";1;918657.0
1004362;"M";"26-35";17;"B";"4+";0;1240553.0
1004363;"M";"36-45";14;"C";"2";1;1277715.0
1004365;"F";"51-55";16;"C";"1";1;83554.0
1004366;"M";"18-25";15;"B";"0";0;156123.0
1004367;"M";"36-45";0;"C";"1";0;667847.0
1004368;"M";"18-25";17;"B";"1";0;851024.0
1004369;"M";"51-55";7;"B";"1";0;250330.0
1004370;"M";"26-35";16;"C";"4+";0;263285.0
1004371;"F";"18-25";4;"B";"3";0;566877.0
1004372;"M";"36-45";17;"C";"3";0;130633.0
1004373;"M";"51-55";12;"C";"1";1;1770654.0
1004374;"M";"18-25";4;"B";"1";0;867913.0
1004375;"F";"26-35";5;"B";"1";0;1636193.0
1004376;"F";"26-35";5;"C";"3";0;267933.0
1004377;"M";"26-35";0;"C";"1";1;1462363.0
1004378;"M";"18-25";17;"B";"4+";0;558677.0
1004379;"M";"26-35";4;"B";"3";0;1802615.0
1004380;"F";"26-35";1;"C";"1";0;814131.0
1004381;"M";"26-35";4;"B";"3";1;2274438.0
1004382;"M";"26-35";18;"C";"3";1;457041.0
1004383;"F";"18-25";4;"B";"2";0;90863.0
1004384;"M";"26-35";0;"B";"0";1;1531231.0
1004385;"M";"26-35";4;"B";"2";0;107473.0
1004386;"M";"26-35";5;"B";"1";0;4384772.0
1004387;"F";"18-25";4;"B";"0";0;2937308.0
1004388;"M";"46-50";3;"B";"2";1;2812583.0
1004389;"M";"26-35";4;"C";"1";0;429169.0
1004390;"M";"26-35";0;"B";"2";0;1389262.0
1004391;"F";"18-25";4;"C";"0";0;163956.0
1004392;"M";"18-25";4;"C";"1";1;112975.0
1004393;"M";"18-25";4;"C";"1";0;126660.0
1004394;"M";"26-35";4;"C";"1";0;133778.0
1004395;"M";"51-55";6;"C";"4+";1;140109.0
1004396;"M";"18-25";1;"C";"2";1;137543.0
1004397;"M";"18-25";4;"C";"3";0;342545.0
1004398;"F";"18-25";4;"C";"2";0;112492.0
1004399;"F";"18-25";4;"C";"1";1;114910.0
1004400;"F";"18-25";4;"C";"1";0;121027.0
1004401;"M";"18-25";4;"A";"3";0;1388355.0
1004402;"F";"18-25";14;"C";"1";0;168238.0
1004403;"M";"26-35";15;"C";"4+";0;451714.0
1004404;"M";"26-35";1;"B";"1";0;1670612.0
1004405;"M";"26-35";14;"A";"4+";0;287340.0
1004406;"M";"26-35";16;"B";"2";1;2100256.0
1004407;"M";"18-25";4;"A";"1";0;1153503.0
1004408;"F";"46-50";2;"B";"1";1;2404484.0
1004409;"M";"26-35";14;"C";"1";1;588275.0
1004410;"M";"18-25";19;"C";"2";0;139890.0
1004411;"M";"18-25";4;"A";"3";0;3184821.0
1004412;"M";"18-25";4;"C";"1";0;454333.0
1004413;"M";"0-17";13;"C";"1";0;134553.0
1004414;"M";"26-35";4;"C";"2";0;689454.0
1004415;"M";"18-25";0;"B";"1";0;738983.0
1004416;"M";"18-25";4;"A";"3";1;936553.0
1004417;"M";"26-35";15;"A";"3";1;981791.0
1004418;"F";"51-55";0;"A";"2";0;1519471.0
1004419;"F";"46-50";12;"C";"4+";0;135425.0
1004420;"M";"26-35";15;"C";"3";1;311634.0
1004421;"M";"46-50";0;"B";"0";1;150520.0
1004422;"M";"26-35";5;"A";"1";1;2083552.0
1004423;"M";"18-25";4;"C";"1";0;354299.0
1004424;"M";"26-35";7;"A";"2";0;321763.0
1004425;"M";"36-45";7;"B";"1";0;3941878.0
1004426;"M";"46-50";17;"C";"4+";1;342774.0
1004427;"M";"18-25";0;"C";"0";0;164493.0
1004428;"M";"26-35";14;"C";"3";1;321420.0
1004429;"M";"26-35";5;"C";"1";1;230465.0
1004430;"F";"26-35";0;"B";"1";0;961140.0
1004431;"M";"0-17";14;"C";"4+";0;181400.0
1004432;"M";"26-35";12;"C";"1";0;352174.0
1004433;"M";"26-35";0;"B";"1";1;1097424.0
1004434;"F";"36-45";7;"A";"1";0;246225.0
1004435;"M";"26-35";7;"C";"1";0;228627.0
1004436;"M";"26-35";12;"C";"1";0;1128802.0
1004437;"F";"36-45";5;"B";"1";0;1044186.0
1004438;"M";"51-55";0;"C";"2";0;767640.0
1004439;"M";"36-45";6;"C";"2";0;193478.0
1004440;"M";"36-45";1;"C";"1";1;420129.0
1004441;"M";"18-25";4;"A";"3";0;138576.0
1004442;"M";"51-55";15;"B";"1";1;264444.0
1004443;"M";"55+";2;"C";"1";1;303669.0
1004444;"F";"26-35";12;"C";"1";0;395496.0
1004445;"M";"26-35";3;"A";"4+";0;555532.0
1004446;"M";"18-25";18;"B";"1";1;2026678.0
1004447;"M";"46-50";5;"B";"0";1;4555538.0
1004448;"M";"26-35";14;"A";"0";0;6566245.0
1004449;"M";"26-35";12;"C";"4+";1;1163833.0
1004450;"M";"26-35";15;"A";"1";1;345260.0
1004451;"M";"26-35";14;"B";"2";1;1198743.0
1004452;"F";"26-35";7;"B";"2";1;861514.0
1004453;"M";"36-45";0;"C";"3";0;267377.0
1004454;"M";"26-35";20;"C";"1";0;801438.0
1004455;"M";"36-45";7;"B";"1";0;335776.0
1004456;"F";"36-45";2;"C";"4+";0;844912.0
1004457;"M";"36-45";14;"C";"1";0;1521767.0
1004458;"F";"26-35";4;"B";"1";0;1903657.0
1004459;"M";"26-35";1;"C";"4+";0;947832.0
1004460;"M";"26-35";14;"C";"4+";0;864739.0
1004461;"M";"26-35";20;"C";"3";0;1225758.0
1004462;"F";"26-35";0;"B";"1";0;177678.0
1004463;"M";"51-55";7;"C";"2";1;118812.0
1004464;"F";"51-55";1;"C";"1";0;46681.0
1004465;"M";"18-25";4;"A";"1";1;344728.0
1004466;"M";"36-45";11;"B";"3";0;654919.0
1004467;"F";"51-55";6;"C";"2";1;763324.0
1004468;"F";"36-45";7;"C";"2";1;498233.0
1004469;"F";"46-50";12;"A";"3";1;207555.0
1004470;"M";"36-45";12;"C";"3";1;1844310.0
1004471;"M";"26-35";6;"A";"1";0;688981.0
1004472;"F";"46-50";16;"B";"0";1;2756087.0
1004473;"M";"36-45";1;"B";"3";0;2110258.0
1004474;"M";"36-45";7;"C";"1";0;282879.0
1004475;"M";"18-25";4;"C";"1";1;273807.0
1004476;"M";"46-50";1;"C";"0";1;962099.0
1004477;"M";"26-35";7;"C";"2";0;854148.0
1004478;"M";"0-17";12;"A";"1";0;1918711.0
1004479;"M";"51-55";13;"C";"2";1;483333.0
1004480;"M";"26-35";0;"B";"1";0;2076605.0
1004481;"M";"26-35";18;"C";"2";1;414706.0
1004482;"F";"36-45";1;"A";"1";0;4006774.0
1004483;"F";"26-35";6;"B";"4+";0;761369.0
1004484;"F";"26-35";17;"C";"1";0;1324563.0
1004485;"M";"26-35";4;"C";"1";0;608022.0
1004486;"M";"36-45";8;"C";"1";0;69562.0
1004487;"M";"26-35";7;"C";"1";0;355108.0
1004488;"M";"36-45";7;"B";"1";0;1599446.0
1004489;"M";"18-25";4;"B";"1";0;2854065.0
1004490;"M";"36-45";5;"B";"1";0;2021517.0
1004491;"M";"18-25";4;"C";"3";0;1134991.0
1004492;"M";"55+";13;"C";"1";0;113750.0
1004493;"F";"0-17";10;"A";"1";0;153725.0
1004494;"M";"46-50";0;"C";"2";1;512971.0
1004495;"M";"18-25";4;"C";"1";1;262150.0
1004496;"M";"46-50";2;"C";"4+";0;1026797.0
1004497;"M";"51-55";0;"B";"3";1;2598857.0
1004498;"M";"51-55";7;"C";"1";1;837687.0
1004499;"M";"26-35";6;"C";"1";0;671347.0
1004500;"M";"51-55";7;"C";"3";0;144108.0
1004501;"M";"26-35";17;"A";"1";1;523667.0
1004502;"M";"51-55";0;"C";"1";1;1733735.0
1004503;"M";"55+";1;"C";"2";1;192792.0
1004504;"F";"26-35";0;"C";"3";1;176311.0
1004505;"M";"51-55";7;"C";"1";0;1841505.0
1004506;"M";"51-55";16;"B";"2";0;2860876.0
1004507;"M";"18-25";4;"B";"1";1;1687208.0
1004508;"M";"26-35";20;"A";"2";0;5129726.0
1004509;"M";"26-35";7;"C";"0";1;1314153.0
1004510;"M";"46-50";7;"A";"4+";1;5150373.0
1004511;"M";"36-45";7;"C";"2";0;1114632.0
1004512;"M";"26-35";1;"C";"1";1;1017253.0
1004513;"M";"55+";0;"C";"0";1;260575.0
1004514;"M";"18-25";3;"C";"2";1;608431.0
1004515;"M";"55+";13;"C";"1";0;183061.0
1004516;"M";"18-25";4;"C";"1";1;362922.0
1004517;"F";"18-25";1;"A";"0";1;1592656.0
1004518;"M";"26-35";0;"C";"4+";0;614063.0
1004519;"M";"51-55";7;"C";"0";0;320919.0
1004520;"M";"26-35";4;"C";"1";1;1901389.0
1004521;"M";"36-45";12;"B";"1";0;1366594.0
1004522;"M";"46-50";1;"C";"0";1;940193.0
1004524;"M";"26-35";2;"A";"2";1;1379212.0
1004525;"M";"26-35";14;"B";"1";0;99191.0
1004526;"M";"26-35";20;"B";"2";1;893980.0
1004527;"M";"18-25";0;"C";"4+";1;85280.0
1004528;"M";"26-35";14;"C";"1";0;251771.0
1004529;"M";"36-45";6;"C";"2";0;187698.0
1004530;"F";"36-45";1;"A";"1";0;285399.0
1004531;"M";"18-25";4;"C";"2";0;1253652.0
1004532;"M";"26-35";7;"A";"2";0;914204.0
1004533;"M";"26-35";12;"C";"0";0;304995.0
1004534;"M";"18-25";4;"C";"1";0;477293.0
1004535;"M";"18-25";19;"B";"1";0;2264468.0
1004536;"M";"18-25";12;"B";"1";0;218908.0
1004537;"F";"46-50";1;"C";"0";0;85036.0
1004538;"M";"26-35";12;"C";"1";1;155305.0
1004539;"M";"36-45";19;"C";"0";0;295996.0
1004540;"F";"26-35";14;"C";"1";1;260292.0
1004541;"M";"0-17";10;"B";"1";0;612452.0
1004542;"M";"36-45";0;"C";"1";0;153819.0
1004543;"M";"26-35";2;"A";"0";0;4642544.0
1004544;"M";"55+";1;"A";"0";1;174513.0
1004545;"M";"26-35";16;"C";"1";1;191009.0
1004546;"M";"26-35";7;"C";"1";1;321552.0
1004547;"M";"18-25";12;"A";"1";0;126905.0
1004548;"M";"18-25";2;"A";"4+";0;98951.0
1004549;"F";"0-17";10;"C";"1";0;88856.0
1004550;"M";"18-25";16;"C";"1";0;131743.0
1004551;"M";"18-25";12;"B";"3";1;475913.0
1004552;"M";"26-35";0;"C";"1";1;767216.0
1004553;"F";"36-45";16;"C";"2";0;272513.0
1004554;"F";"26-35";9;"C";"3";1;100983.0
1004555;"F";"18-25";9;"C";"1";1;385098.0
1004556;"M";"46-50";16;"C";"4+";0;1112575.0
1004557;"M";"26-35";14;"A";"3";0;488728.0
1004558;"M";"36-45";14;"C";"1";0;121039.0
1004559;"M";"26-35";7;"B";"3";0;195264.0
1004560;"M";"26-35";0;"C";"1";0;1433004.0
1004561;"F";"26-35";9;"C";"2";1;587621.0
1004562;"M";"36-45";10;"A";"1";1;1355245.0
1004563;"F";"26-35";6;"A";"0";1;207926.0
1004564;"M";"36-45";12;"C";"1";1;146919.0
1004565;"M";"36-45";14;"C";"1";1;178981.0
1004566;"M";"36-45";17;"C";"1";0;796471.0
1004567;"M";"18-25";4;"A";"0";0;537179.0
1004568;"F";"26-35";4;"B";"2";1;1406715.0
1004569;"M";"26-35";0;"C";"2";0;744943.0
1004570;"M";"46-50";17;"C";"0";1;198926.0
1004571;"M";"36-45";7;"C";"2";1;520051.0
1004572;"F";"0-17";10;"C";"0";0;630815.0
1004573;"M";"51-55";16;"C";"1";1;790317.0
1004574;"M";"26-35";4;"A";"1";1;239325.0
1004575;"F";"0-17";10;"C";"2";0;365784.0
1004576;"F";"26-35";7;"C";"4+";1;129768.0
1004577;"M";"36-45";7;"C";"0";1;731605.0
1004578;"M";"26-35";0;"A";"4+";0;3017051.0
1004579;"F";"18-25";4;"B";"1";1;3415399.0
1004580;"F";"55+";13;"C";"0";1;627469.0
1004581;"M";"26-35";1;"C";"2";1;341867.0
1004582;"F";"26-35";0;"A";"4+";1;384376.0
1004583;"M";"51-55";1;"C";"4+";1;124552.0
1004584;"F";"46-50";0;"C";"1";0;430535.0
1004585;"M";"36-45";7;"C";"3";0;2030340.0
1004586;"M";"26-35";4;"C";"4+";0;233435.0
1004587;"M";"36-45";14;"C";"0";1;173472.0
1004588;"F";"26-35";4;"C";"0";0;140990.0
1004589;"M";"26-35";17;"A";"0";0;585431.0
1004590;"F";"18-25";20;"A";"4+";0;283202.0
1004591;"M";"26-35";15;"A";"3";0;2484644.0
1004592;"M";"18-25";4;"A";"3";0;1178828.0
1004593;"F";"46-50";1;"B";"0";1;1219868.0
1004594;"M";"36-45";16;"B";"2";0;212682.0
1004595;"M";"26-35";18;"C";"4+";1;588966.0
1004596;"F";"18-25";4;"B";"1";0;922341.0
1004597;"F";"26-35";4;"B";"1";1;88809.0
1004598;"F";"36-45";3;"C";"0";1;511633.0
1004599;"F";"36-45";0;"C";"0";1;287657.0
1004600;"M";"26-35";0;"C";"2";1;1476998.0
1004601;"M";"36-45";14;"C";"0";0;778726.0
1004602;"M";"36-45";7;"B";"2";0;361310.0
1004603;"F";"36-45";2;"C";"2";1;243473.0
1004604;"M";"26-35";15;"C";"1";1;323447.0
1004606;"F";"0-17";10;"B";"2";0;403412.0
1004607;"M";"26-35";0;"B";"4+";0;3031467.0
1004608;"F";"26-35";0;"B";"3";0;349761.0
1004609;"F";"26-35";4;"B";"0";0;1150243.0
1004610;"F";"26-35";4;"B";"1";0;848399.0
1004611;"F";"18-25";4;"A";"2";0;1557613.0
1004612;"F";"18-25";4;"B";"2";1;148652.0
1004613;"M";"26-35";12;"C";"4+";0;587976.0
1004614;"F";"46-50";1;"B";"1";0;92670.0
1004615;"M";"26-35";17;"C";"1";1;968117.0
1004616;"M";"26-35";20;"C";"4+";0;137638.0
1004617;"F";"26-35";6;"C";"0";0;359850.0
1004618;"M";"26-35";14;"B";"1";1;474043.0
1004619;"F";"26-35";1;"B";"4+";1;684937.0
1004620;"F";"18-25";17;"B";"1";1;659764.0
1004621;"M";"26-35";4;"C";"2";1;1089543.0
1004622;"M";"26-35";12;"C";"0";0;162984.0
1004623;"M";"26-35";16;"B";"0";0;219548.0
1004624;"M";"26-35";12;"C";"2";0;362769.0
1004625;"M";"26-35";7;"C";"0";0;458539.0
1004626;"M";"26-35";14;"B";"4+";0;2019813.0
1004627;"M";"55+";1;"C";"1";1;487077.0
1004628;"F";"55+";6;"C";"4+";1;81863.0
1004629;"F";"18-25";4;"C";"2";0;149047.0
1004630;"F";"26-35";4;"C";"1";1;144498.0
1004631;"M";"18-25";4;"A";"1";0;689734.0
1004632;"M";"26-35";0;"C";"0";0;428776.0
1004633;"M";"0-17";0;"B";"1";0;432347.0
1004634;"M";"51-55";20;"B";"1";1;780699.0
1004635;"M";"18-25";4;"B";"2";0;1797504.0
1004636;"M";"18-25";2;"B";"2";1;57805.0
1004637;"F";"36-45";9;"B";"0";1;1805226.0
1004638;"M";"26-35";4;"B";"1";0;162186.0
1004639;"M";"36-45";11;"B";"2";0;263804.0
1004640;"M";"26-35";4;"B";"0";1;607606.0
1004641;"M";"26-35";7;"C";"1";0;156869.0
1004642;"M";"26-35";0;"B";"4+";1;206979.0
1004643;"M";"26-35";0;"A";"0";0;885018.0
1004644;"M";"51-55";1;"C";"4+";0;810732.0
1004645;"F";"51-55";6;"C";"1";1;724870.0
1004646;"F";"26-35";6;"B";"2";0;186307.0
1004647;"M";"36-45";20;"B";"1";1;4591160.0
1004648;"M";"18-25";4;"C";"4+";0;201520.0
1004649;"M";"55+";13;"A";"2";1;287847.0
1004650;"M";"26-35";7;"C";"2";1;508679.0
1004651;"F";"46-50";0;"B";"4+";0;317349.0
1004652;"F";"26-35";7;"B";"1";0;276118.0
1004653;"M";"36-45";12;"B";"3";1;1817052.0
1004654;"M";"36-45";20;"C";"3";0;345344.0
1004655;"F";"26-35";1;"A";"3";0;1632265.0
1004656;"M";"26-35";17;"B";"4+";0;1375046.0
1004657;"M";"46-50";14;"C";"2";1;207405.0
1004658;"M";"26-35";4;"B";"3";1;2494652.0
1004659;"F";"26-35";14;"C";"0";0;1152134.0
1004660;"F";"18-25";4;"B";"2";0;163466.0
1004661;"M";"46-50";15;"B";"4+";1;1244248.0
1004662;"F";"18-25";4;"B";"1";1;650792.0
1004663;"M";"26-35";4;"A";"0";0;1618870.0
1004664;"F";"46-50";7;"A";"4+";1;159326.0
1004665;"M";"36-45";2;"C";"4+";0;188139.0
1004666;"M";"36-45";1;"A";"1";1;1595581.0
1004667;"M";"26-35";14;"A";"1";0;277274.0
1004668;"M";"36-45";14;"C";"0";1;263428.0
1004669;"M";"36-45";7;"C";"0";0;177821.0
1004670;"M";"36-45";5;"C";"2";0;551685.0
1004671;"M";"26-35";12;"A";"2";0;1062229.0
1004672;"M";"55+";13;"B";"4+";0;111968.0
1004673;"M";"36-45";16;"B";"2";1;3238593.0
1004674;"F";"36-45";7;"C";"1";1;565614.0
1004675;"F";"18-25";4;"A";"2";0;1706001.0
1004676;"M";"46-50";14;"C";"2";1;138804.0
1004677;"M";"51-55";6;"C";"1";1;153140.0
1004678;"M";"36-45";2;"A";"1";0;517235.0
1004679;"M";"55+";13;"C";"4+";1;280273.0
1004680;"M";"36-45";0;"B";"3";1;1611434.0
1004681;"F";"36-45";15;"C";"2";0;859543.0
1004682;"M";"26-35";7;"B";"3";1;3636549.0
1004683;"M";"26-35";0;"C";"0";0;327021.0
1004685;"M";"36-45";1;"B";"2";1;723570.0
1004686;"M";"18-25";1;"C";"2";0;606618.0
1004687;"M";"36-45";14;"C";"0";0;835993.0
1004688;"M";"26-35";9;"C";"3";1;562855.0
1004689;"M";"18-25";12;"B";"1";0;432068.0
1004690;"F";"0-17";10;"C";"3";0;356274.0
1004691;"F";"46-50";17;"B";"2";1;373196.0
1004692;"F";"26-35";7;"C";"3";0;210268.0
1004693;"M";"18-25";1;"A";"1";0;312226.0
1004694;"M";"55+";7;"C";"3";1;360230.0
1004695;"M";"18-25";18;"C";"4+";0;106832.0
1004696;"M";"18-25";12;"A";"0";0;139705.0
1004697;"M";"18-25";10;"C";"4+";0;848942.0
1004698;"F";"26-35";6;"B";"2";1;153217.0
1004699;"F";"18-25";0;"C";"4+";0;1006053.0
1004701;"M";"46-50";17;"C";"1";1;367236.0
1004702;"M";"26-35";11;"C";"0";0;207053.0
1004703;"M";"26-35";7;"C";"1";0;138166.0
1004704;"M";"18-25";20;"C";"1";0;1118752.0
1004705;"F";"18-25";0;"C";"0";1;1194704.0
1004706;"M";"26-35";14;"B";"4+";1;601504.0
1004707;"M";"0-17";0;"C";"4+";0;162205.0
1004708;"M";"26-35";0;"B";"3";0;2079131.0
1004709;"M";"46-50";0;"C";"3";0;202243.0
1004710;"F";"36-45";16;"B";"2";0;208355.0
1004711;"M";"26-35";17;"C";"1";1;743158.0
1004712;"M";"36-45";17;"C";"1";0;126846.0
1004713;"M";"26-35";17;"C";"1";0;332453.0
1004714;"M";"51-55";1;"A";"1";1;267611.0
1004715;"M";"26-35";2;"B";"3";0;2714191.0
1004717;"M";"46-50";17;"C";"4+";1;427387.0
1004718;"M";"36-45";7;"C";"1";1;630336.0
1004719;"F";"36-45";9;"C";"4+";0;232606.0
1004720;"M";"26-35";2;"C";"4+";0;178780.0
1004721;"M";"36-45";11;"B";"0";0;407311.0
1004722;"M";"36-45";12;"B";"1";0;260504.0
1004723;"M";"36-45";7;"C";"1";0;163086.0
1004724;"F";"55+";6;"C";"1";1;174366.0
1004725;"M";"36-45";5;"A";"2";0;4689744.0
1004726;"F";"36-45";16;"C";"2";1;1487989.0
1004727;"F";"55+";0;"C";"3";0;230538.0
1004728;"M";"26-35";19;"B";"3";0;3813161.0
1004729;"M";"51-55";16;"C";"1";1;1017710.0
1004730;"M";"51-55";11;"C";"0";1;132427.0
1004731;"M";"26-35";17;"B";"1";1;393986.0
1004732;"M";"26-35";14;"B";"2";1;4024095.0
1004733;"M";"18-25";18;"C";"1";0;788581.0
1004734;"M";"51-55";1;"B";"1";1;1159715.0
1004735;"M";"46-50";3;"C";"3";0;703674.0
1004736;"M";"18-25";20;"A";"1";1;1648098.0
1004737;"M";"36-45";16;"C";"1";0;698820.0
1004738;"M";"55+";1;"C";"1";0;815021.0
1004739;"M";"26-35";3;"C";"2";0;573581.0
1004740;"F";"26-35";3;"C";"3";0;223944.0
1004741;"M";"36-45";7;"C";"1";0;181320.0
1004742;"M";"26-35";3;"A";"2";0;1218690.0
1004743;"M";"55+";13;"C";"2";1;138693.0
1004744;"M";"51-55";15;"C";"1";0;295530.0
1004745;"F";"18-25";4;"C";"4+";0;524907.0
1004746;"M";"51-55";1;"C";"3";1;457415.0
1004747;"M";"18-25";4;"C";"1";0;1659604.0
1004748;"M";"46-50";16;"B";"3";0;1914782.0
1004749;"M";"46-50";0;"C";"1";1;64640.0
1004750;"F";"26-35";0;"A";"2";0;1261480.0
1004751;"M";"51-55";15;"C";"1";0;167378.0
1004752;"F";"18-25";4;"B";"1";0;128742.0
1004753;"M";"55+";1;"C";"0";1;398736.0
1004755;"F";"55+";7;"C";"2";0;182207.0
1004756;"M";"55+";16;"C";"4+";0;186841.0
1004757;"M";"36-45";17;"C";"1";0;633197.0
1004758;"F";"55+";13;"C";"1";1;142575.0
1004759;"F";"51-55";0;"C";"1";1;314865.0
1004760;"M";"36-45";17;"C";"1";0;474246.0
1004761;"M";"18-25";15;"C";"1";0;202285.0
1004762;"F";"26-35";14;"A";"0";1;259645.0
1004763;"M";"55+";11;"C";"2";0;297860.0
1004764;"M";"0-17";10;"C";"0";0;262684.0
1004765;"F";"36-45";16;"B";"3";1;1397538.0
1004766;"M";"36-45";16;"A";"3";0;186496.0
1004767;"F";"36-45";9;"C";"2";1;193189.0
1004768;"M";"26-35";4;"A";"1";1;408028.0
1004769;"M";"26-35";1;"C";"1";0;373895.0
1004770;"F";"36-45";7;"B";"1";0;134330.0
1004771;"F";"26-35";4;"A";"0";0;2534722.0
1004772;"M";"55+";17;"C";"2";0;625357.0
1004773;"M";"46-50";1;"C";"4+";1;649133.0
1004774;"M";"46-50";14;"C";"4+";1;1502208.0
1004775;"M";"26-35";17;"C";"4+";0;142021.0
1004776;"F";"26-35";3;"C";"1";1;113809.0
1004777;"M";"26-35";2;"C";"3";0;304091.0
1004778;"M";"26-35";0;"C";"1";1;202908.0
1004779;"M";"46-50";3;"C";"2";1;982831.0
1004780;"M";"26-35";12;"A";"3";0;861632.0
1004781;"F";"51-55";6;"C";"1";1;227475.0
1004782;"M";"46-50";1;"C";"2";1;635724.0
1004783;"M";"26-35";0;"A";"4+";0;414175.0
1004784;"F";"36-45";6;"A";"1";0;2002598.0
1004785;"F";"26-35";14;"A";"0";1;1348201.0
1004786;"M";"46-50";6;"B";"1";1;2181891.0
1004787;"M";"0-17";11;"C";"1";0;136343.0
1004788;"M";"36-45";7;"B";"4+";0;1412861.0
1004789;"M";"36-45";2;"A";"0";0;1683364.0
1004790;"F";"26-35";2;"A";"4+";1;1825680.0
1004791;"M";"18-25";4;"A";"2";0;1196110.0
1004792;"F";"51-55";7;"B";"2";0;149104.0
1004793;"F";"26-35";6;"B";"2";1;634213.0
1004794;"F";"36-45";0;"C";"0";0;681705.0
1004795;"M";"46-50";16;"C";"1";0;766920.0
1004796;"M";"36-45";7;"A";"4+";1;1869773.0
1004797;"F";"36-45";17;"C";"4+";1;282106.0
1004798;"M";"26-35";1;"C";"4+";0;717811.0
1004799;"F";"18-25";4;"C";"1";0;272277.0
1004800;"M";"18-25";4;"A";"1";0;1389999.0
1004801;"M";"26-35";4;"C";"3";0;1848731.0
1004802;"M";"55+";1;"B";"3";1;3424604.0
1004803;"F";"26-35";16;"B";"4+";0;139644.0
1004804;"F";"36-45";1;"B";"0";0;222520.0
1004806;"M";"26-35";17;"C";"2";0;1074885.0
1004807;"M";"0-17";2;"A";"1";0;501457.0
1004808;"M";"36-45";0;"A";"1";1;4596891.0
1004809;"F";"51-55";4;"C";"1";1;794877.0
1004810;"M";"18-25";12;"B";"0";0;1200444.0
1004811;"M";"36-45";1;"C";"1";1;198968.0
1004812;"M";"18-25";14;"C";"2";0;1015469.0
1004813;"F";"36-45";9;"C";"3";1;592293.0
1004814;"M";"18-25";14;"B";"1";0;940323.0
1004815;"F";"51-55";18;"C";"0";1;1368625.0
1004817;"M";"26-35";1;"C";"1";0;579484.0
1004818;"F";"26-35";17;"C";"1";1;246373.0
1004819;"M";"36-45";18;"B";"1";0;2855437.0
1004820;"M";"51-55";11;"C";"3";1;112331.0
1004821;"M";"18-25";19;"C";"1";0;1071001.0
1004822;"F";"36-45";0;"B";"4+";0;146736.0
1004823;"M";"18-25";4;"B";"0";1;2214878.0
1004824;"M";"26-35";7;"C";"2";0;1224130.0
1004825;"M";"26-35";17;"B";"2";0;324749.0
1004826;"M";"46-50";12;"C";"1";1;1022934.0
1004827;"M";"36-45";0;"C";"0";1;278358.0
1004828;"F";"18-25";20;"B";"1";0;392899.0
1004829;"M";"26-35";0;"B";"2";0;1860738.0
1004830;"M";"0-17";10;"C";"0";0;641039.0
1004831;"F";"26-35";1;"C";"1";0;1254553.0
1004832;"M";"26-35";14;"C";"1";0;713275.0
1004833;"M";"36-45";16;"C";"4+";0;599280.0
1004834;"F";"46-50";9;"C";"1";1;1427202.0
1004836;"F";"46-50";16;"C";"3";1;291209.0
1004837;"M";"26-35";5;"B";"2";0;1356929.0
1004838;"M";"46-50";1;"C";"1";1;213096.0
1004839;"F";"51-55";6;"B";"4+";1;66471.0
1004840;"F";"46-50";6;"C";"3";1;449719.0
1004841;"M";"26-35";12;"A";"4+";0;606641.0
1004842;"F";"36-45";1;"C";"1";0;348455.0
1004843;"M";"55+";1;"C";"2";0;685066.0
1004844;"M";"46-50";7;"C";"4+";1;223433.0
1004845;"F";"26-35";1;"B";"3";0;811494.0
1004846;"F";"26-35";2;"C";"0";0;132242.0
1004847;"M";"26-35";12;"B";"3";0;511856.0
1004848;"F";"36-45";6;"C";"3";0;486757.0
1004849;"F";"18-25";4;"B";"1";0;815301.0
1004850;"F";"46-50";3;"C";"2";0;222654.0
1004851;"M";"18-25";17;"C";"2";0;136096.0
1004852;"M";"36-45";0;"C";"3";1;1173060.0
1004853;"M";"26-35";7;"C";"2";0;316950.0
1004854;"F";"51-55";13;"C";"4+";1;835369.0
1004855;"M";"26-35";12;"B";"1";0;926987.0
1004856;"M";"26-35";7;"A";"1";0;613634.0
1004857;"M";"26-35";14;"C";"0";0;299510.0
1004858;"M";"26-35";1;"C";"2";0;690728.0
1004859;"F";"18-25";14;"C";"2";0;267224.0
1004860;"M";"26-35";2;"A";"2";0;194818.0
1004861;"M";"26-35";4;"C";"1";0;1288112.0
1004862;"M";"26-35";0;"C";"0";0;645386.0
1004863;"F";"26-35";9;"C";"4+";0;143085.0
1004864;"M";"18-25";20;"C";"3";1;234136.0
1004865;"F";"36-45";14;"C";"1";1;1162483.0
1004866;"M";"55+";12;"C";"2";1;263725.0
1004867;"M";"26-35";16;"A";"3";0;3273799.0
1004868;"M";"36-45";17;"C";"1";1;954431.0
1004869;"F";"46-50";6;"C";"3";1;1369756.0
1004870;"F";"36-45";3;"C";"1";1;566373.0
1004871;"M";"18-25";12;"C";"2";0;108545.0
1004872;"M";"46-50";1;"C";"2";0;151926.0
1004873;"M";"55+";11;"C";"1";1;180787.0
1004874;"F";"26-35";4;"C";"3";0;315664.0
1004875;"M";"36-45";0;"C";"2";0;534997.0
1004876;"F";"36-45";17;"C";"1";0;211102.0
1004877;"M";"26-35";4;"B";"2";0;557778.0
1004878;"M";"51-55";4;"B";"4+";1;186766.0
1004879;"M";"26-35";3;"A";"2";0;2212058.0
1004880;"F";"46-50";9;"C";"3";0;86300.0
1004881;"M";"46-50";16;"A";"3";1;108841.0
1004882;"M";"46-50";11;"B";"2";1;1218140.0
1004883;"F";"0-17";10;"C";"1";0;149529.0
1004884;"M";"36-45";14;"B";"1";0;2419301.0
1004885;"M";"55+";1;"C";"1";0;250011.0
1004886;"F";"36-45";17;"C";"0";1;653643.0
1004887;"M";"18-25";2;"B";"1";1;1861125.0
1004888;"F";"55+";0;"B";"4+";0;1506422.0
1004889;"M";"18-25";4;"C";"3";0;1808669.0
1004890;"F";"26-35";1;"C";"1";0;809171.0
1004891;"M";"36-45";17;"C";"4+";1;150704.0
1004892;"M";"26-35";12;"A";"1";0;586346.0
1004893;"M";"26-35";17;"C";"0";0;611107.0
1004894;"M";"36-45";7;"C";"1";0;315609.0
1004895;"F";"26-35";3;"B";"3";0;487177.0
1004896;"M";"36-45";6;"C";"3";1;227204.0
1004897;"M";"36-45";16;"B";"3";0;2260275.0
1004898;"M";"26-35";1;"B";"1";1;1384201.0
1004899;"M";"26-35";12;"B";"1";1;1184900.0
1004900;"M";"26-35";20;"C";"4+";1;113988.0
1004901;"M";"26-35";7;"C";"1";0;1187816.0
1004902;"M";"36-45";14;"C";"4+";1;707219.0
1004903;"M";"36-45";12;"C";"4+";1;333930.0
1004904;"M";"51-55";15;"B";"1";1;2722481.0
1004905;"F";"46-50";1;"C";"3";1;498234.0
1004906;"M";"51-55";17;"B";"1";1;1483819.0
1004907;"F";"51-55";7;"B";"0";1;815502.0
1004908;"M";"36-45";15;"C";"2";0;734487.0
1004909;"F";"36-45";12;"B";"2";0;617038.0
1004910;"M";"18-25";12;"C";"0";0;336462.0
1004911;"F";"26-35";0;"A";"4+";0;334151.0
1004912;"F";"51-55";20;"A";"0";1;80084.0
1004913;"F";"26-35";1;"C";"3";1;277601.0
1004914;"F";"26-35";1;"B";"4+";0;255507.0
1004915;"M";"26-35";12;"B";"2";1;570688.0
1004916;"M";"18-25";20;"C";"4+";0;419864.0
1004917;"M";"46-50";0;"C";"0";1;1103460.0
1004918;"F";"18-25";12;"C";"1";0;1732624.0
1004919;"M";"18-25";0;"C";"2";0;202156.0
1004920;"M";"36-45";1;"B";"0";1;345396.0
1004921;"F";"26-35";15;"B";"3";1;1298004.0
1004922;"M";"18-25";17;"C";"1";0;910524.0
1004923;"M";"46-50";18;"C";"3";0;138498.0
1004924;"F";"36-45";0;"C";"1";0;224011.0
1004925;"F";"36-45";6;"C";"2";0;223789.0
1004926;"M";"0-17";10;"C";"1";0;88392.0
1004927;"M";"46-50";0;"B";"4+";0;825741.0
1004928;"F";"26-35";3;"A";"4+";0;1384909.0
1004929;"M";"46-50";1;"C";"1";1;197191.0
1004930;"M";"51-55";17;"C";"0";1;532436.0
1004931;"M";"51-55";17;"C";"3";1;513422.0
1004933;"M";"26-35";15;"B";"3";0;1666985.0
1004934;"F";"26-35";0;"A";"2";0;724818.0
1004935;"M";"36-45";17;"C";"3";0;108870.0
1004936;"F";"18-25";4;"C";"0";0;279181.0
1004937;"M";"36-45";0;"C";"1";1;1115681.0
1004938;"F";"18-25";4;"A";"3";1;101507.0
1004939;"M";"26-35";7;"C";"0";1;840468.0
1004940;"F";"51-55";11;"B";"1";0;1334921.0
1004941;"M";"55+";20;"C";"2";1;138749.0
1004942;"M";"46-50";12;"B";"3";1;1497459.0
1004943;"F";"51-55";0;"C";"1";0;103982.0
1004944;"M";"51-55";17;"C";"2";1;190509.0
1004945;"M";"51-55";0;"C";"4+";1;788695.0
1004946;"F";"36-45";1;"B";"1";0;1271605.0
1004947;"M";"36-45";17;"C";"1";1;597364.0
1004948;"M";"46-50";2;"A";"1";1;2112647.0
1004949;"M";"18-25";4;"A";"4+";0;196465.0
1004950;"M";"26-35";16;"A";"1";1;2121718.0
1004951;"F";"36-45";17;"B";"3";1;1653140.0
1004952;"F";"26-35";14;"A";"1";1;384721.0
1004953;"M";"36-45";12;"B";"4+";0;1274872.0
1004954;"M";"46-50";0;"C";"3";1;532805.0
1004955;"M";"55+";13;"C";"1";0;81201.0
1004956;"M";"36-45";15;"B";"1";1;1207068.0
1004957;"M";"26-35";2;"A";"1";1;3312522.0
1004958;"M";"18-25";7;"B";"1";0;2093816.0
1004960;"M";"55+";1;"A";"4+";0;417911.0
1004961;"M";"26-35";7;"C";"1";1;876154.0
1004962;"M";"26-35";6;"B";"1";0;1280641.0
1004963;"M";"46-50";17;"B";"1";1;727216.0
1004964;"M";"36-45";0;"A";"1";1;2181186.0
1004965;"M";"0-17";10;"C";"1";0;834098.0
1004966;"M";"51-55";14;"B";"1";1;433892.0
1004967;"M";"18-25";4;"C";"0";0;680003.0
1004968;"F";"51-55";20;"B";"2";1;162147.0
1004969;"M";"18-25";19;"A";"2";0;150456.0
1004970;"F";"26-35";12;"C";"1";0;177886.0
1004971;"M";"36-45";7;"C";"1";1;116918.0
1004972;"M";"36-45";0;"C";"2";0;1651406.0
1004973;"F";"55+";2;"C";"1";1;854727.0
1004974;"M";"36-45";20;"B";"3";1;167910.0
1004975;"M";"36-45";0;"C";"3";0;924862.0
1004976;"M";"26-35";11;"C";"4+";1;322906.0
1004977;"M";"26-35";4;"B";"2";0;880858.0
1004978;"M";"36-45";14;"A";"3";0;514124.0
1004979;"M";"36-45";2;"B";"1";1;3798201.0
1004980;"M";"26-35";1;"B";"0";0;975525.0
1004982;"M";"26-35";12;"C";"1";0;353095.0
1004983;"F";"46-50";16;"A";"1";1;825482.0
1004984;"M";"36-45";0;"A";"1";1;898492.0
1004985;"M";"36-45";0;"C";"3";0;1187686.0
1004986;"M";"18-25";12;"C";"0";0;242774.0
1004987;"F";"55+";8;"A";"0";0;545667.0
1004988;"M";"26-35";17;"A";"3";0;145912.0
1004989;"M";"26-35";0;"C";"2";1;389969.0
1004990;"F";"26-35";4;"B";"2";1;348853.0
1004991;"F";"55+";14;"C";"3";1;52371.0
1004992;"F";"26-35";2;"B";"2";0;104210.0
1004993;"M";"46-50";17;"C";"2";0;242832.0
1004994;"M";"46-50";17;"B";"4+";0;838310.0
1004995;"M";"51-55";20;"B";"0";1;1708419.0
1004996;"M";"36-45";7;"A";"1";0;196881.0
1004997;"M";"0-17";10;"A";"1";0;196013.0
1004998;"F";"18-25";4;"C";"1";1;338798.0
1004999;"F";"55+";13;"B";"2";1;319738.0
1005000;"M";"26-35";4;"B";"4+";0;2418670.0
1005001;"F";"26-35";2;"B";"1";0;996711.0
1005002;"M";"26-35";17;"B";"1";1;1327902.0
1005003;"M";"36-45";12;"C";"1";0;279382.0
1005004;"F";"55+";1;"C";"1";1;181347.0
1005005;"M";"46-50";16;"B";"2";0;1928522.0
1005006;"M";"36-45";3;"C";"1";0;243142.0
1005007;"F";"18-25";4;"B";"1";0;149249.0
1005008;"M";"26-35";20;"B";"1";1;1410383.0
1005009;"F";"46-50";16;"C";"1";1;375158.0
1005010;"M";"46-50";15;"B";"2";1;330055.0
1005011;"M";"18-25";4;"B";"1";0;3413020.0
1005012;"M";"51-55";15;"A";"1";1;63924.0
1005013;"M";"18-25";4;"C";"4+";0;431994.0
1005014;"M";"46-50";0;"C";"0";1;747356.0
1005015;"M";"36-45";6;"B";"2";1;3352326.0
1005016;"F";"36-45";1;"C";"2";1;270493.0
1005017;"M";"36-45";12;"B";"4+";0;246538.0
1005018;"F";"55+";12;"C";"1";1;1311214.0
1005019;"M";"26-35";7;"A";"4+";0;909887.0
1005020;"F";"55+";13;"C";"2";1;585873.0
1005021;"M";"51-55";6;"B";"2";1;969625.0
1005023;"M";"36-45";20;"A";"3";1;494613.0
1005024;"F";"46-50";1;"C";"1";0;432195.0
1005025;"M";"26-35";20;"B";"1";0;654171.0
1005026;"M";"26-35";17;"B";"1";1;3547435.0
1005027;"F";"26-35";14;"C";"1";1;125405.0
1005028;"M";"26-35";12;"C";"3";1;101275.0
1005029;"M";"26-35";4;"C";"1";1;830422.0
1005030;"M";"18-25";1;"C";"1";0;138484.0
1005031;"F";"26-35";4;"B";"0";0;240545.0
1005032;"M";"18-25";17;"A";"3";0;489656.0
1005033;"F";"55+";13;"C";"1";1;163363.0
1005034;"F";"26-35";15;"C";"1";1;986327.0
1005035;"F";"26-35";17;"B";"1";1;1216263.0
1005036;"M";"36-45";7;"B";"1";1;207038.0
1005037;"M";"36-45";12;"C";"0";1;643400.0
1005038;"M";"26-35";20;"B";"0";0;1071042.0
1005039;"F";"36-45";4;"B";"2";1;1358985.0
1005040;"M";"46-50";12;"C";"1";1;621267.0
1005041;"F";"46-50";6;"C";"1";1;566147.0
1005042;"F";"18-25";2;"A";"4+";1;1494044.0
1005043;"F";"18-25";6;"C";"2";0;91125.0
1005044;"F";"36-45";6;"C";"0";1;657311.0
1005045;"M";"36-45";0;"B";"3";1;132912.0
1005046;"M";"26-35";16;"A";"0";0;4765825.0
1005047;"M";"46-50";6;"C";"1";0;1788615.0
1005048;"F";"36-45";7;"C";"1";1;449961.0
1005049;"M";"26-35";12;"B";"0";0;1184573.0
1005050;"F";"18-25";4;"C";"1";0;440927.0
1005051;"F";"51-55";7;"C";"0";0;117889.0
1005052;"M";"36-45";16;"C";"2";1;169608.0
1005053;"M";"26-35";4;"C";"3";0;1446313.0
1005054;"M";"36-45";2;"B";"0";0;3254705.0
1005055;"F";"36-45";16;"A";"2";0;243035.0
1005056;"M";"46-50";1;"C";"1";1;1122351.0
1005057;"M";"51-55";7;"C";"4+";0;447507.0
1005058;"M";"55+";17;"C";"0";1;217934.0
1005059;"M";"46-50";16;"C";"1";1;961243.0
1005060;"M";"46-50";17;"C";"0";0;429616.0
1005061;"F";"18-25";19;"C";"2";1;904639.0
1005062;"M";"51-55";16;"C";"2";1;152624.0
1005063;"F";"0-17";10;"B";"3";0;566955.0
1005064;"M";"18-25";4;"B";"0";0;694663.0
1005065;"M";"26-35";14;"C";"4+";1;1409415.0
1005066;"F";"26-35";1;"C";"4+";1;203684.0
1005067;"M";"55+";13;"B";"1";0;195035.0
1005068;"M";"36-45";7;"C";"2";0;307904.0
1005069;"F";"55+";0;"C";"3";1;332823.0
1005070;"M";"26-35";2;"A";"0";0;2394785.0
1005071;"F";"26-35";7;"B";"2";0;573280.0
1005072;"M";"46-50";17;"A";"4+";1;351099.0
1005074;"M";"0-17";0;"B";"2";0;3674789.0
1005075;"M";"51-55";6;"C";"1";1;435935.0
1005076;"M";"26-35";3;"B";"4+";0;516959.0
1005077;"M";"26-35";2;"A";"0";0;2124960.0
1005078;"M";"46-50";7;"C";"1";0;366943.0
1005079;"M";"26-35";4;"C";"0";0;351263.0
1005080;"F";"51-55";12;"B";"2";1;473323.0
1005081;"F";"18-25";4;"B";"3";0;530210.0
1005082;"M";"36-45";1;"C";"4+";0;1060113.0
1005083;"M";"26-35";4;"B";"4+";1;1358737.0
1005084;"M";"18-25";4;"B";"1";0;854906.0
1005085;"M";"55+";17;"C";"0";0;1157853.0
1005086;"M";"26-35";1;"C";"0";1;999144.0
1005087;"F";"26-35";6;"B";"1";1;1375402.0
1005088;"M";"26-35";17;"C";"1";0;224500.0
1005089;"F";"36-45";16;"C";"2";0;181305.0
1005090;"F";"36-45";19;"B";"3";1;2663682.0
1005091;"M";"26-35";17;"B";"1";1;1689786.0
1005092;"M";"55+";14;"C";"1";1;392813.0
1005094;"M";"18-25";10;"C";"4+";1;493491.0
1005095;"F";"36-45";1;"C";"1";1;202325.0
1005096;"M";"26-35";11;"B";"2";0;1325171.0
1005097;"M";"55+";16;"C";"3";0;630135.0
1005098;"M";"51-55";7;"C";"4+";1;845522.0
1005099;"M";"18-25";0;"B";"3";0;1118402.0
1005100;"M";"51-55";6;"B";"1";1;4688662.0
1005101;"M";"26-35";0;"B";"1";1;227662.0
1005102;"M";"26-35";12;"C";"2";0;981106.0
1005103;"F";"36-45";16;"C";"1";0;2298016.0
1005104;"M";"36-45";20;"C";"1";0;438921.0
1005105;"M";"51-55";7;"C";"1";1;403785.0
1005106;"F";"36-45";1;"C";"3";1;424567.0
1005107;"F";"46-50";0;"B";"0";0;2645191.0
1005108;"F";"26-35";9;"B";"3";1;1562344.0
1005109;"F";"46-50";6;"C";"2";1;538104.0
1005110;"M";"36-45";15;"C";"4+";1;135420.0
1005111;"M";"36-45";2;"B";"1";1;3742050.0
1005112;"M";"36-45";13;"B";"1";0;1509476.0
1005113;"M";"26-35";0;"A";"3";1;1821798.0
1005114;"F";"0-17";10;"C";"2";0;722532.0
1005115;"M";"55+";12;"A";"4+";0;207902.0
1005116;"M";"36-45";6;"C";"0";1;135466.0
1005117;"F";"26-35";0;"B";"0";0;49668.0
1005118;"M";"0-17";10;"B";"2";0;740271.0
1005119;"F";"26-35";0;"A";"3";0;97664.0
1005120;"M";"51-55";7;"A";"2";0;1145075.0
1005121;"M";"26-35";7;"C";"4+";0;985393.0
1005122;"M";"26-35";0;"A";"3";0;150420.0
1005123;"M";"51-55";12;"C";"4+";1;481654.0
1005124;"M";"36-45";2;"B";"1";0;1352979.0
1005125;"M";"46-50";0;"A";"4+";1;205365.0
1005126;"M";"26-35";11;"B";"4+";0;749431.0
1005127;"M";"46-50";5;"A";"0";1;293036.0
1005128;"M";"51-55";7;"C";"1";1;624396.0
1005129;"M";"46-50";17;"B";"1";1;634231.0
1005131;"F";"26-35";1;"B";"3";0;1865993.0
1005132;"M";"36-45";7;"C";"1";1;453566.0
1005133;"M";"18-25";11;"B";"0";0;300862.0
1005134;"M";"26-35";17;"B";"2";0;540222.0
1005135;"M";"36-45";7;"C";"4+";0;373172.0
1005136;"M";"26-35";12;"B";"1";0;1215190.0
1005137;"M";"18-25";18;"C";"4+";0;574738.0
1005138;"M";"26-35";17;"B";"0";0;711818.0
1005139;"M";"51-55";16;"A";"4+";1;572475.0
1005140;"M";"26-35";6;"B";"2";0;1937859.0
1005141;"M";"18-25";17;"B";"2";1;327115.0
1005142;"M";"26-35";1;"B";"1";1;1904097.0
1005143;"M";"18-25";4;"C";"3";1;641433.0
1005144;"F";"51-55";0;"C";"4+";1;155582.0
1005145;"M";"36-45";7;"C";"2";1;84162.0
1005146;"M";"55+";1;"A";"0";0;155488.0
1005147;"M";"18-25";0;"C";"0";0;299633.0
1005148;"M";"26-35";20;"B";"2";1;517525.0
1005149;"M";"36-45";1;"B";"3";0;189151.0
1005150;"M";"26-35";3;"C";"3";1;195562.0
1005151;"M";"18-25";19;"C";"1";0;486672.0
1005152;"F";"26-35";4;"C";"1";0;145731.0
1005153;"M";"26-35";7;"B";"3";0;1760581.0
1005154;"M";"26-35";16;"C";"1";1;311368.0
1005155;"M";"26-35";16;"B";"2";0;95959.0
1005156;"M";"18-25";14;"A";"1";1;2052693.0
1005157;"M";"36-45";1;"C";"2";1;530292.0
1005158;"F";"18-25";4;"C";"4+";0;876746.0
1005159;"M";"36-45";7;"C";"3";0;105961.0
1005160;"F";"18-25";4;"C";"2";0;137404.0
1005161;"M";"26-35";4;"C";"0";0;1672032.0
1005162;"M";"26-35";17;"A";"1";1;230561.0
1005163;"M";"46-50";6;"B";"1";1;2422033.0
1005164;"F";"36-45";17;"A";"0";0;438843.0
1005165;"M";"36-45";6;"C";"1";1;608473.0
1005166;"M";"51-55";6;"B";"1";1;699482.0
1005167;"M";"18-25";15;"C";"3";0;1027107.0
1005168;"M";"36-45";7;"C";"1";1;114884.0
1005169;"F";"51-55";4;"C";"0";0;776146.0
1005170;"M";"18-25";4;"B";"2";0;470081.0
1005171;"M";"55+";17;"C";"1";1;134890.0
1005172;"F";"36-45";11;"B";"1";0;2143927.0
1005173;"M";"0-17";10;"C";"3";0;903437.0
1005174;"M";"46-50";1;"C";"4+";0;125972.0
1005175;"F";"36-45";9;"C";"1";0;157541.0
1005176;"M";"0-17";10;"C";"3";0;207445.0
1005177;"M";"46-50";14;"C";"0";1;643363.0
1005178;"M";"51-55";0;"C";"1";1;1211800.0
1005179;"M";"26-35";12;"A";"0";1;236986.0
1005180;"M";"36-45";11;"C";"1";1;727416.0
1005181;"M";"26-35";7;"C";"1";1;278252.0
1005182;"F";"36-45";7;"B";"4+";1;1467237.0
1005183;"F";"18-25";20;"C";"1";0;515453.0
1005184;"M";"18-25";20;"B";"4+";1;1744759.0
1005185;"F";"36-45";4;"C";"1";0;1176153.0
1005186;"M";"36-45";12;"C";"2";0;501264.0
1005187;"M";"18-25";16;"C";"1";0;735762.0
1005190;"F";"36-45";0;"C";"1";0;183897.0
1005191;"F";"26-35";4;"A";"4+";0;229417.0
1005192;"M";"26-35";7;"C";"3";1;168567.0
1005193;"M";"36-45";12;"B";"2";1;1012557.0
1005194;"M";"26-35";7;"C";"3";1;308618.0
1005195;"M";"36-45";7;"B";"0";1;472326.0
1005196;"M";"55+";7;"C";"4+";1;204519.0
1005197;"F";"55+";3;"C";"3";1;668704.0
1005198;"F";"18-25";4;"B";"0";0;1068556.0
1005199;"F";"26-35";1;"C";"0";0;238559.0
1005200;"F";"36-45";15;"C";"2";0;366329.0
1005201;"M";"51-55";7;"C";"1";1;507567.0
1005202;"M";"18-25";4;"C";"1";1;154740.0
1005203;"F";"46-50";6;"B";"4+";1;178236.0
1005204;"M";"51-55";13;"C";"4+";1;263678.0
1005205;"M";"26-35";1;"B";"0";1;1992482.0
1005206;"M";"36-45";7;"C";"0";0;119526.0
1005207;"M";"26-35";0;"A";"3";1;104148.0
1005208;"M";"26-35";4;"A";"1";1;925904.0
1005209;"M";"51-55";1;"C";"4+";0;885913.0
1005210;"F";"36-45";17;"A";"3";0;381788.0
1005212;"M";"18-25";2;"B";"4+";0;246496.0
1005213;"M";"18-25";0;"C";"2";0;155185.0
1005214;"F";"36-45";9;"C";"1";0;118403.0
1005215;"F";"55+";6;"C";"1";1;123427.0
1005216;"M";"18-25";2;"C";"1";0;86790.0
1005217;"M";"26-35";17;"B";"3";0;786077.0
1005218;"M";"18-25";0;"C";"1";0;355716.0
1005219;"M";"18-25";4;"B";"2";1;947558.0
1005220;"M";"26-35";7;"B";"4+";0;3257059.0
1005221;"F";"55+";1;"C";"1";0;138094.0
1005222;"M";"26-35";12;"B";"1";0;1397361.0
1005223;"M";"55+";10;"C";"1";1;1047286.0
1005224;"M";"36-45";1;"A";"1";1;135324.0
1005225;"M";"18-25";4;"C";"4+";1;1075487.0
1005226;"M";"36-45";0;"B";"1";0;544117.0
1005228;"M";"0-17";0;"C";"4+";0;127152.0
1005229;"M";"26-35";0;"C";"0";0;370087.0
1005230;"M";"26-35";12;"B";"4+";0;862102.0
1005231;"M";"36-45";7;"C";"1";0;206095.0
1005232;"M";"26-35";4;"C";"1";1;858600.0
1005233;"M";"26-35";5;"B";"0";1;593757.0
1005234;"F";"26-35";0;"A";"4+";1;946943.0
1005235;"M";"26-35";4;"C";"1";0;231747.0
1005236;"M";"26-35";14;"C";"1";1;680243.0
1005237;"M";"26-35";7;"B";"4+";1;350337.0
1005238;"F";"51-55";16;"C";"1";0;76941.0
1005239;"M";"36-45";7;"B";"2";1;1497999.0
1005240;"F";"26-35";0;"C";"1";1;193578.0
1005241;"F";"26-35";4;"A";"4+";0;454207.0
1005242;"M";"26-35";1;"C";"3";1;690590.0
1005243;"M";"0-17";10;"C";"4+";0;154197.0
1005244;"M";"18-25";4;"C";"1";0;300383.0
1005245;"F";"46-50";1;"B";"2";1;142193.0
1005246;"F";"18-25";0;"C";"1";1;570675.0
1005247;"F";"0-17";10;"B";"1";0;127002.0
1005248;"F";"46-50";14;"B";"1";1;417996.0
1005249;"F";"46-50";14;"B";"1";1;1964447.0
1005250;"M";"51-55";6;"B";"4+";1;1453630.0
1005251;"F";"26-35";17;"A";"1";1;809396.0
1005252;"M";"26-35";20;"B";"0";0;427306.0
1005253;"F";"55+";13;"C";"1";0;720717.0
1005254;"M";"18-25";4;"C";"1";1;520735.0
1005255;"M";"0-17";10;"A";"3";0;1090739.0
1005256;"M";"26-35";16;"B";"4+";1;3984145.0
1005257;"F";"26-35";2;"A";"4+";0;455389.0
1005258;"M";"36-45";4;"C";"1";0;138419.0
1005259;"M";"26-35";6;"B";"1";1;204535.0
1005260;"M";"36-45";7;"A";"1";1;851475.0
1005261;"M";"36-45";12;"A";"3";0;685912.0
1005262;"F";"26-35";14;"C";"2";0;217321.0
1005263;"M";"36-45";7;"B";"1";0;867442.0
1005264;"M";"18-25";4;"B";"4+";0;881875.0
1005265;"M";"46-50";1;"B";"2";1;1507819.0
1005266;"M";"36-45";1;"C";"1";0;225642.0
1005267;"M";"36-45";7;"C";"2";0;435428.0
1005269;"M";"18-25";0;"B";"4+";0;1547629.0
1005270;"M";"26-35";12;"C";"3";1;651081.0
1005271;"F";"26-35";0;"A";"1";0;2102513.0
1005272;"M";"26-35";7;"A";"4+";0;354783.0
1005273;"M";"55+";20;"B";"3";1;1649439.0
1005274;"M";"26-35";0;"A";"4+";0;64442.0
1005275;"M";"26-35";17;"A";"4+";0;516429.0
1005276;"F";"26-35";4;"B";"1";1;469075.0
1005277;"M";"26-35";20;"B";"2";0;1560387.0
1005278;"F";"26-35";7;"B";"1";0;987862.0
1005279;"F";"26-35";14;"B";"2";1;220714.0
1005280;"M";"18-25";4;"C";"3";0;130967.0
1005281;"M";"26-35";2;"A";"2";0;1349792.0
1005282;"F";"18-25";4;"B";"1";1;1263946.0
1005283;"M";"18-25";2;"C";"1";1;1836816.0
1005284;"M";"26-35";16;"C";"1";0;431845.0
1005285;"M";"18-25";4;"A";"1";0;272161.0
1005286;"M";"46-50";16;"B";"0";0;847985.0
1005287;"M";"26-35";8;"C";"0";0;1144712.0
1005288;"M";"55+";13;"A";"3";0;176799.0
1005290;"F";"18-25";4;"B";"0";1;208790.0
1005291;"M";"46-50";1;"C";"3";1;411888.0
1005292;"M";"26-35";0;"A";"1";0;174140.0
1005293;"M";"26-35";12;"C";"2";0;437685.0
1005294;"M";"26-35";2;"A";"0";1;767736.0
1005295;"M";"36-45";7;"C";"1";1;124138.0
1005296;"F";"0-17";0;"C";"2";0;368909.0
1005297;"M";"26-35";12;"C";"4+";0;261173.0
1005298;"M";"36-45";17;"B";"1";0;254428.0
1005299;"M";"26-35";2;"B";"3";1;192672.0
1005300;"M";"26-35";20;"A";"0";0;1754531.0
1005301;"M";"26-35";17;"C";"1";1;720494.0
1005302;"F";"0-17";10;"A";"1";0;946928.0
1005303;"F";"55+";6;"C";"3";1;246422.0
1005304;"F";"36-45";9;"A";"4+";1;167231.0
1005305;"F";"18-25";4;"C";"3";1;1249934.0
1005306;"F";"26-35";17;"B";"4+";0;2910088.0
1005307;"M";"26-35";5;"C";"1";0;451351.0
1005308;"M";"55+";7;"C";"2";0;232172.0
1005309;"M";"26-35";0;"C";"1";0;119362.0
1005310;"F";"55+";1;"C";"3";0;528374.0
1005311;"M";"51-55";0;"C";"2";1;223628.0
1005312;"M";"26-35";1;"A";"1";0;4059742.0
1005313;"M";"55+";0;"A";"3";0;409345.0
1005314;"F";"26-35";0;"A";"2";0;96204.0
1005315;"M";"26-35";12;"A";"1";1;169973.0
1005316;"M";"18-25";4;"A";"2";0;178519.0
1005317;"F";"26-35";0;"A";"1";0;2651462.0
1005318;"M";"18-25";17;"B";"4+";1;698842.0
1005319;"M";"18-25";17;"B";"1";0;2379871.0
1005320;"F";"18-25";5;"B";"3";0;78916.0
1005321;"M";"26-35";4;"C";"0";0;1257158.0
1005322;"M";"36-45";17;"A";"3";1;528665.0
1005323;"M";"26-35";20;"B";"1";1;1459061.0
1005324;"M";"26-35";7;"C";"0";1;1046212.0
1005325;"F";"51-55";7;"C";"3";1;196349.0
1005326;"M";"26-35";2;"A";"1";1;408434.0
1005327;"M";"26-35";7;"A";"1";0;1068851.0
1005328;"F";"26-35";4;"B";"3";1;158958.0
1005329;"F";"26-35";5;"B";"1";0;2941366.0
1005330;"F";"26-35";0;"C";"2";0;302955.0
1005332;"M";"18-25";4;"C";"2";0;623159.0
1005333;"F";"26-35";7;"A";"4+";0;3889756.0
1005334;"F";"55+";13;"C";"4+";1;149899.0
1005335;"M";"26-35";14;"B";"1";1;851277.0
1005336;"M";"55+";7;"C";"4+";0;494714.0
1005337;"F";"36-45";3;"C";"3";1;1072496.0
1005338;"M";"26-35";17;"C";"4+";0;628887.0
1005339;"M";"18-25";17;"C";"1";0;814105.0
1005340;"F";"51-55";3;"C";"1";1;900263.0
1005341;"F";"26-35";3;"C";"1";1;591726.0
1005342;"F";"36-45";7;"B";"2";0;662230.0
1005343;"F";"26-35";9;"A";"1";1;200648.0
1005344;"F";"51-55";1;"C";"3";0;953172.0
1005345;"F";"26-35";17;"C";"2";1;1910036.0
1005346;"F";"26-35";3;"A";"2";0;232085.0
1005347;"M";"26-35";6;"A";"1";0;1206403.0
1005348;"M";"18-25";5;"B";"1";0;185736.0
1005349;"F";"51-55";2;"C";"1";1;1183411.0
1005350;"M";"18-25";5;"A";"1";0;1332766.0
1005351;"F";"46-50";1;"C";"4+";1;160330.0
1005352;"F";"36-45";5;"C";"1";1;987332.0
1005353;"M";"26-35";6;"C";"4+";1;607405.0
1005355;"M";"55+";0;"B";"0";1;1115904.0
1005357;"F";"18-25";20;"B";"2";1;283439.0
1005358;"M";"36-45";7;"C";"2";0;215355.0
1005359;"M";"18-25";16;"B";"3";0;3222441.0
1005360;"M";"18-25";12;"C";"2";0;212666.0
1005361;"F";"51-55";16;"A";"3";0;975959.0
1005362;"M";"36-45";13;"C";"1";0;433017.0
1005363;"M";"55+";13;"C";"1";0;611906.0
1005364;"F";"26-35";3;"A";"3";0;2315884.0
1005365;"M";"18-25";12;"C";"0";0;1661879.0
1005366;"M";"18-25";12;"C";"3";0;687484.0
1005367;"M";"18-25";4;"A";"1";0;4418522.0
1005368;"F";"26-35";17;"C";"1";0;561298.0
1005369;"M";"26-35";15;"A";"1";0;1480186.0
1005370;"M";"26-35";12;"C";"1";0;128149.0
1005371;"M";"26-35";11;"A";"0";0;1886564.0
1005372;"M";"26-35";4;"C";"3";0;217396.0
1005373;"M";"18-25";12;"A";"1";0;240679.0
1005374;"M";"36-45";7;"C";"4+";0;206173.0
1005375;"M";"26-35";0;"C";"0";0;202129.0
1005376;"M";"26-35";17;"B";"1";1;1308560.0
1005377;"F";"18-25";3;"B";"3";0;197641.0
1005378;"M";"36-45";18;"A";"1";0;993614.0
1005379;"M";"26-35";7;"C";"1";0;225857.0
1005380;"M";"18-25";4;"C";"1";0;103092.0
1005381;"M";"26-35";14;"B";"4+";1;151583.0
1005382;"M";"18-25";4;"C";"0";1;399466.0
1005383;"M";"36-45";1;"C";"0";0;185903.0
1005384;"F";"26-35";3;"A";"4+";0;215712.0
1005385;"M";"26-35";12;"B";"0";1;345752.0
1005386;"M";"26-35";14;"C";"3";0;1053404.0
1005387;"F";"26-35";1;"B";"4+";1;3868561.0
1005388;"F";"18-25";4;"C";"1";0;173870.0
1005389;"M";"46-50";7;"C";"4+";1;789658.0
1005390;"M";"0-17";0;"C";"1";0;1580508.0
1005391;"M";"26-35";7;"A";"0";0;60182.0
1005392;"M";"51-55";1;"B";"1";1;131293.0
1005393;"M";"36-45";7;"C";"2";0;910487.0
1005394;"M";"18-25";0;"A";"2";0;3919759.0
1005395;"M";"51-55";1;"C";"1";1;594166.0
1005396;"M";"26-35";6;"C";"0";0;536981.0
1005397;"M";"18-25";0;"B";"2";1;1750035.0
1005398;"M";"55+";17;"C";"4+";1;164340.0
1005399;"M";"26-35";1;"C";"1";1;399316.0
1005400;"F";"18-25";4;"C";"2";0;157858.0
1005401;"F";"18-25";1;"C";"2";1;761433.0
1005402;"F";"26-35";0;"C";"4+";1;515490.0
1005403;"M";"0-17";10;"B";"1";0;932594.0
1005404;"M";"26-35";0;"C";"4+";1;1145174.0
1005406;"F";"36-45";0;"C";"3";1;462689.0
1005407;"F";"36-45";17;"C";"1";0;132657.0
1005408;"M";"26-35";20;"C";"3";0;553475.0
1005409;"M";"46-50";1;"C";"2";1;90595.0
1005410;"F";"46-50";2;"C";"3";1;206363.0
1005411;"F";"0-17";19;"B";"1";0;88125.0
1005412;"M";"26-35";12;"A";"3";0;1676576.0
1005413;"M";"36-45";1;"B";"1";0;1563644.0
1005414;"M";"0-17";10;"C";"2";0;451358.0
1005415;"F";"26-35";7;"C";"3";1;241705.0
1005416;"F";"26-35";5;"C";"3";0;292932.0
1005417;"M";"18-25";17;"C";"4+";1;296853.0
1005418;"F";"26-35";0;"C";"1";1;1158011.0
1005419;"F";"18-25";12;"C";"3";1;476779.0
1005420;"F";"0-17";19;"B";"4+";0;563777.0
1005421;"M";"36-45";17;"A";"1";1;353178.0
1005422;"M";"51-55";7;"A";"2";1;759267.0
1005423;"F";"51-55";5;"C";"0";1;657270.0
1005424;"F";"36-45";2;"C";"2";0;798381.0
1005425;"M";"18-25";4;"B";"1";0;231255.0
1005426;"M";"26-35";14;"C";"1";0;1598187.0
1005427;"M";"36-45";19;"B";"0";0;529410.0
1005428;"F";"26-35";6;"B";"4+";0;2091282.0
1005429;"F";"26-35";1;"B";"3";0;520826.0
1005430;"F";"46-50";1;"B";"1";1;648917.0
1005431;"M";"55+";1;"C";"3";1;434409.0
1005432;"M";"55+";13;"C";"3";1;914876.0
1005433;"F";"36-45";17;"B";"3";1;3194842.0
1005434;"F";"26-35";7;"A";"1";1;1332993.0
1005435;"M";"46-50";18;"C";"4+";0;356400.0
1005436;"M";"18-25";4;"B";"1";0;304988.0
1005437;"M";"26-35";11;"C";"4+";0;821188.0
1005438;"M";"26-35";14;"C";"4+";0;446109.0
1005439;"M";"55+";13;"B";"1";1;84179.0
1005440;"F";"46-50";2;"B";"1";1;253614.0
1005441;"M";"51-55";7;"C";"0";1;1075697.0
1005442;"M";"26-35";7;"C";"3";1;489847.0
1005443;"M";"26-35";12;"B";"2";0;2338438.0
1005444;"F";"18-25";4;"C";"1";1;142369.0
1005445;"M";"26-35";0;"C";"1";1;890129.0
1005446;"F";"51-55";1;"C";"1";1;698358.0
1005447;"M";"46-50";2;"A";"3";0;628407.0
1005448;"M";"46-50";19;"A";"4+";0;1527234.0
1005449;"M";"18-25";12;"C";"1";0;889313.0
1005450;"M";"18-25";12;"A";"1";0;1427321.0
1005451;"F";"26-35";1;"A";"3";1;621961.0
1005452;"M";"36-45";6;"A";"4+";0;1485500.0
1005453;"M";"18-25";4;"C";"1";0;1366308.0
1005454;"M";"36-45";7;"C";"0";0;346883.0
1005455;"F";"18-25";17;"C";"4+";0;886645.0
1005456;"M";"36-45";1;"C";"4+";0;151061.0
1005457;"M";"18-25";12;"A";"1";1;1010012.0
1005458;"F";"18-25";2;"A";"1";0;2063497.0
1005459;"F";"0-17";10;"C";"0";0;760745.0
1005460;"M";"18-25";4;"A";"4+";0;513461.0
1005461;"M";"51-55";0;"B";"2";1;291079.0
1005462;"M";"26-35";17;"C";"3";0;212285.0
1005463;"M";"36-45";0;"B";"3";1;1539009.0
1005464;"M";"36-45";7;"C";"2";0;602655.0
1005465;"F";"26-35";0;"A";"0";1;88025.0
1005466;"M";"26-35";12;"B";"1";0;1303362.0
1005467;"M";"36-45";0;"C";"1";0;147695.0
1005468;"M";"26-35";12;"A";"1";0;2196799.0
1005469;"M";"36-45";12;"C";"2";0;777963.0
1005470;"M";"55+";7;"C";"3";0;640955.0
1005471;"M";"18-25";7;"A";"1";0;129416.0
1005472;"M";"36-45";1;"C";"0";1;1524106.0
1005473;"M";"26-35";1;"C";"3";0;788028.0
1005474;"M";"26-35";12;"A";"2";0;264211.0
1005475;"M";"26-35";4;"A";"2";0;2151938.0
1005476;"F";"36-45";0;"A";"4+";1;161722.0
1005477;"M";"36-45";1;"B";"1";0;152110.0
1005478;"M";"36-45";7;"C";"1";0;185992.0
1005479;"M";"36-45";1;"C";"4+";0;495207.0
1005480;"F";"26-35";14;"B";"0";1;579041.0
1005481;"M";"46-50";12;"C";"0";0;254254.0
1005482;"M";"18-25";7;"A";"1";0;2138352.0
1005483;"F";"26-35";6;"B";"3";0;1145051.0
1005484;"M";"46-50";17;"C";"4+";1;610860.0
1005485;"M";"26-35";4;"C";"0";1;701076.0
1005486;"M";"26-35";0;"C";"3";0;346897.0
1005487;"M";"26-35";17;"B";"0";0;291424.0
1005488;"M";"26-35";15;"C";"1";0;1128587.0
1005489;"M";"18-25";7;"C";"0";0;460826.0
1005490;"M";"46-50";17;"C";"3";0;781227.0
1005491;"M";"18-25";7;"A";"1";0;1062941.0
1005492;"M";"18-25";4;"A";"4+";1;1713517.0
1005493;"M";"36-45";12;"B";"3";0;2549130.0
1005494;"F";"36-45";17;"B";"1";1;452789.0
1005495;"F";"18-25";4;"B";"3";1;178119.0
1005496;"M";"26-35";7;"B";"1";0;366550.0
1005497;"M";"26-35";4;"A";"1";1;905515.0
1005498;"F";"51-55";1;"C";"3";1;259060.0
1005499;"F";"26-35";19;"A";"1";0;474343.0
1005500;"F";"36-45";20;"B";"1";0;287296.0
1005501;"M";"26-35";2;"A";"3";0;2220686.0
1005502;"M";"26-35";2;"A";"4+";0;597640.0
1005503;"F";"26-35";9;"C";"1";0;280710.0
1005504;"M";"46-50";7;"B";"1";1;4077571.0
1005505;"F";"26-35";4;"B";"3";1;593993.0
1005506;"F";"18-25";14;"A";"1";0;276052.0
1005507;"M";"46-50";7;"C";"1";1;232699.0
1005508;"M";"26-35";20;"C";"1";0;390431.0
1005509;"M";"26-35";0;"A";"1";0;452709.0
1005510;"M";"18-25";4;"C";"4+";0;443169.0
1005511;"M";"46-50";1;"B";"1";1;4249480.0
1005512;"F";"26-35";17;"B";"2";1;1320562.0
1005513;"M";"36-45";1;"C";"2";1;297040.0
1005514;"F";"0-17";10;"C";"3";0;203446.0
1005515;"M";"18-25";4;"C";"1";0;340548.0
1005516;"F";"51-55";16;"C";"3";1;835520.0
1005517;"M";"55+";0;"C";"2";1;1777945.0
1005518;"M";"51-55";17;"B";"3";1;756287.0
1005519;"M";"36-45";15;"C";"3";0;1719342.0
1005520;"M";"46-50";1;"C";"0";1;1153296.0
1005521;"F";"26-35";6;"C";"0";0;239261.0
1005522;"M";"26-35";14;"B";"0";0;2826823.0
1005523;"M";"36-45";0;"B";"2";1;2075512.0
1005524;"F";"0-17";10;"B";"1";0;614005.0
1005525;"F";"0-17";10;"C";"3";0;116007.0
1005526;"F";"36-45";2;"A";"0";0;1388329.0
1005527;"M";"26-35";1;"C";"0";0;139171.0
1005528;"M";"51-55";1;"C";"3";1;384595.0
1005529;"M";"18-25";6;"C";"4+";0;158671.0
1005530;"F";"18-25";4;"B";"0";0;2630195.0
1005531;"M";"51-55";17;"C";"0";1;1246095.0
1005532;"M";"26-35";17;"C";"2";0;472937.0
1005533;"F";"51-55";2;"A";"1";1;132982.0
1005534;"M";"46-50";16;"C";"3";1;538735.0
1005535;"M";"26-35";15;"B";"1";1;959530.0
1005536;"M";"26-35";16;"B";"2";1;2656987.0
1005537;"F";"55+";1;"C";"2";0;407518.0
1005538;"M";"46-50";12;"B";"2";1;877447.0
1005539;"F";"26-35";20;"B";"1";1;2450068.0
1005540;"M";"36-45";1;"C";"4+";1;403845.0
1005541;"M";"55+";7;"C";"1";0;237295.0
1005542;"M";"46-50";7;"C";"1";1;335823.0
1005543;"M";"26-35";17;"A";"2";0;1891121.0
1005544;"M";"26-35";15;"B";"4+";1;239231.0
1005545;"F";"36-45";16;"C";"3";1;874114.0
1005546;"M";"18-25";14;"C";"1";0;201550.0
1005547;"F";"18-25";4;"A";"3";1;651519.0
1005548;"F";"18-25";4;"A";"4+";0;783106.0
1005549;"F";"51-55";9;"C";"1";1;165505.0
1005550;"M";"36-45";15;"B";"2";0;3763724.0
1005551;"F";"36-45";20;"A";"1";0;230722.0
1005552;"M";"51-55";7;"C";"1";1;222181.0
1005553;"M";"36-45";3;"C";"3";0;1350864.0
1005554;"M";"26-35";1;"B";"1";0;618410.0
1005555;"M";"0-17";10;"B";"2";0;2775701.0
1005556;"M";"46-50";6;"A";"0";0;1473834.0
1005557;"M";"36-45";14;"C";"1";1;1277955.0
1005558;"M";"0-17";10;"B";"2";0;934248.0
1005559;"M";"51-55";1;"C";"1";1;240188.0
1005560;"F";"36-45";17;"C";"4+";1;548108.0
1005561;"F";"26-35";3;"C";"0";1;829732.0
1005562;"F";"36-45";1;"C";"4+";0;350324.0
1005563;"F";"26-35";7;"C";"3";0;165914.0
1005564;"M";"46-50";20;"B";"0";0;188675.0
1005565;"M";"18-25";17;"C";"2";0;1097928.0
1005566;"M";"36-45";7;"C";"2";0;667149.0
1005567;"M";"51-55";3;"B";"0";1;1641274.0
1005568;"M";"18-25";4;"C";"3";0;2413364.0
1005570;"M";"26-35";1;"B";"3";0;1987705.0
1005571;"F";"26-35";9;"C";"2";0;496038.0
1005572;"F";"26-35";4;"B";"0";1;509723.0
1005573;"F";"36-45";1;"B";"1";1;784192.0
1005574;"M";"26-35";0;"B";"4+";0;927771.0
1005575;"M";"36-45";7;"C";"2";0;1017451.0
1005576;"M";"26-35";4;"C";"3";0;1931983.0
1005577;"M";"51-55";1;"C";"1";1;183221.0
1005578;"F";"18-25";1;"C";"1";1;566875.0
1005579;"F";"36-45";7;"B";"4+";1;176332.0
1005580;"M";"46-50";7;"B";"4+";0;2031649.0
1005581;"M";"26-35";0;"A";"1";1;348111.0
1005582;"M";"46-50";1;"C";"2";1;895396.0
1005583;"M";"55+";15;"B";"2";1;772541.0
1005584;"F";"51-55";0;"A";"4+";0;341594.0
1005585;"M";"26-35";4;"A";"4+";0;1215084.0
1005586;"M";"36-45";20;"A";"1";1;187534.0
1005587;"M";"26-35";17;"C";"4+";1;322151.0
1005588;"F";"26-35";20;"A";"1";1;226304.0
1005589;"F";"26-35";0;"A";"0";1;218042.0
1005590;"F";"46-50";12;"A";"3";1;187195.0
1005591;"M";"18-25";0;"B";"4+";0;349371.0
1005592;"M";"26-35";1;"A";"4+";1;877464.0
1005593;"M";"51-55";16;"A";"1";1;1310866.0
1005594;"F";"46-50";0;"B";"1";1;645499.0
1005595;"M";"26-35";20;"B";"1";0;1229819.0
1005596;"M";"36-45";12;"B";"1";0;1238999.0
1005597;"F";"18-25";4;"A";"2";0;729033.0
1005598;"M";"18-25";4;"C";"1";0;721390.0
1005599;"M";"36-45";7;"A";"1";0;1057610.0
1005600;"F";"46-50";0;"C";"1";0;1270133.0
1005601;"M";"36-45";1;"A";"2";1;479654.0
1005602;"M";"36-45";0;"B";"1";0;446886.0
1005604;"M";"36-45";15;"C";"3";0;1210914.0
1005605;"F";"18-25";2;"A";"0";0;2943372.0
1005606;"F";"26-35";14;"C";"1";0;138823.0
1005607;"M";"18-25";4;"C";"2";0;697438.0
1005608;"M";"18-25";3;"C";"1";0;61628.0
1005609;"F";"51-55";1;"C";"1";0;247492.0
1005610;"F";"26-35";1;"C";"3";0;265334.0
1005611;"F";"36-45";7;"C";"1";0;331792.0
1005612;"F";"26-35";1;"A";"2";0;213108.0
1005613;"F";"36-45";0;"C";"3";1;260417.0
1005615;"M";"36-45";7;"C";"4+";0;1456353.0
1005616;"M";"46-50";1;"C";"3";0;719546.0
1005617;"M";"26-35";14;"C";"0";0;432100.0
1005618;"F";"18-25";4;"B";"3";0;580086.0
1005619;"F";"18-25";4;"C";"0";0;474538.0
1005620;"M";"36-45";14;"C";"2";1;1308104.0
1005621;"M";"26-35";7;"A";"1";0;2056297.0
1005622;"M";"36-45";15;"C";"3";1;493220.0
1005623;"M";"26-35";11;"B";"2";1;1482160.0
1005624;"M";"26-35";7;"C";"1";0;675036.0
1005625;"M";"26-35";1;"C";"3";1;829026.0
1005626;"M";"55+";16;"B";"3";0;1316202.0
1005627;"M";"26-35";0;"A";"4+";1;3446486.0
1005628;"M";"18-25";4;"B";"1";0;123865.0
1005629;"M";"26-35";14;"C";"1";0;605039.0
1005630;"M";"36-45";17;"B";"1";0;1624083.0
1005631;"M";"36-45";12;"C";"3";0;397704.0
1005632;"F";"18-25";4;"C";"2";0;427326.0
1005633;"M";"51-55";1;"C";"1";1;222385.0
1005634;"M";"26-35";14;"A";"3";1;1632546.0
1005635;"F";"36-45";9;"B";"3";1;165270.0
1005636;"M";"26-35";7;"A";"0";1;3835029.0
1005637;"M";"0-17";10;"C";"2";0;211991.0
1005638;"M";"18-25";1;"C";"0";0;535499.0
1005639;"F";"18-25";4;"C";"2";0;196582.0
1005640;"M";"36-45";17;"C";"0";0;156943.0
1005641;"F";"26-35";17;"C";"2";1;576438.0
1005642;"M";"0-17";10;"C";"3";0;235464.0
1005643;"F";"36-45";1;"A";"3";1;4531525.0
1005644;"F";"18-25";4;"C";"1";0;423606.0
1005645;"M";"26-35";2;"B";"3";0;1847550.0
1005646;"M";"18-25";4;"C";"2";0;604870.0
1005647;"M";"18-25";1;"C";"2";0;919856.0
1005648;"M";"26-35";17;"C";"1";0;743964.0
1005649;"F";"18-25";4;"B";"1";0;992185.0
1005650;"F";"36-45";12;"B";"2";1;1200836.0
1005651;"F";"26-35";6;"B";"4+";1;252859.0
1005652;"M";"18-25";0;"B";"1";0;483928.0
1005653;"M";"51-55";1;"B";"1";0;1279586.0
1005654;"M";"26-35";4;"A";"3";1;1620534.0
1005655;"F";"26-35";6;"C";"0";0;578170.0
1005656;"M";"26-35";15;"B";"2";0;117131.0
1005657;"M";"51-55";14;"A";"1";0;1157074.0
1005658;"M";"55+";0;"B";"3";1;915690.0
1005659;"M";"26-35";0;"C";"3";1;1377516.0
1005660;"M";"26-35";2;"C";"3";1;200344.0
1005661;"F";"26-35";15;"C";"1";1;782466.0
1005662;"M";"0-17";10;"C";"2";0;500426.0
1005663;"F";"36-45";20;"B";"4+";0;1478736.0
1005664;"M";"18-25";4;"C";"4+";0;1736551.0
1005665;"M";"18-25";4;"C";"2";1;280334.0
1005667;"M";"36-45";7;"B";"1";1;1893544.0
1005668;"F";"26-35";3;"C";"0";0;589148.0
1005669;"M";"55+";1;"B";"2";0;188975.0
1005670;"M";"18-25";4;"B";"4+";0;504269.0
1005671;"M";"26-35";1;"C";"4+";0;674213.0
1005672;"F";"26-35";4;"C";"4+";1;159596.0
1005673;"F";"36-45";1;"B";"2";0;324918.0
1005674;"M";"36-45";7;"B";"3";0;314423.0
1005675;"M";"36-45";14;"A";"2";0;3293851.0
1005676;"M";"26-35";20;"C";"0";0;638069.0
1005677;"M";"26-35";1;"A";"3";0;1287830.0
1005678;"M";"36-45";17;"A";"0";1;825745.0
1005679;"M";"36-45";2;"C";"4+";1;1592947.0
1005680;"M";"51-55";20;"A";"4+";1;990099.0
1005681;"F";"26-35";7;"A";"3";0;196716.0
1005682;"M";"18-25";0;"B";"2";0;3768298.0
1005683;"F";"18-25";9;"B";"0";1;703971.0
1005684;"M";"18-25";16;"A";"1";0;2699822.0
1005685;"M";"26-35";17;"A";"0";1;164380.0
1005686;"M";"55+";16;"A";"1";1;1664134.0
1005687;"F";"0-17";0;"B";"3";0;615034.0
1005688;"F";"18-25";4;"B";"1";0;474254.0
1005689;"M";"26-35";0;"B";"3";0;2580080.0
1005690;"M";"18-25";4;"B";"3";0;139277.0
1005691;"M";"36-45";14;"C";"1";0;886955.0
1005692;"F";"26-35";7;"C";"1";0;355072.0
1005693;"F";"26-35";4;"B";"1";0;207835.0
1005694;"F";"26-35";12;"C";"1";0;152134.0
1005695;"F";"36-45";3;"C";"1";0;163827.0
1005696;"F";"26-35";14;"C";"1";1;148780.0
1005697;"M";"26-35";0;"B";"1";0;195577.0
1005698;"M";"36-45";14;"B";"3";0;1702042.0
1005699;"M";"36-45";15;"B";"4+";1;1397175.0
1005700;"F";"18-25";14;"C";"1";0;217805.0
1005701;"M";"26-35";7;"C";"4+";0;814351.0
1005702;"M";"18-25";0;"B";"4+";0;727382.0
1005703;"M";"55+";1;"C";"2";1;515243.0
1005704;"F";"18-25";4;"B";"3";0;446445.0
1005705;"F";"18-25";4;"B";"4+";0;815391.0
1005708;"M";"36-45";1;"B";"4+";0;503909.0
1005709;"M";"18-25";4;"B";"4+";0;1084408.0
1005710;"M";"26-35";15;"B";"1";1;425940.0
1005711;"M";"26-35";7;"C";"4+";0;234768.0
1005712;"M";"36-45";1;"B";"2";0;683536.0
1005713;"F";"51-55";7;"C";"4+";1;96010.0
1005714;"M";"36-45";2;"B";"1";0;411519.0
1005716;"M";"0-17";10;"C";"4+";0;1278421.0
1005717;"M";"26-35";0;"B";"3";1;2130239.0
1005718;"F";"36-45";14;"C";"4+";1;908847.0
1005719;"M";"55+";7;"C";"3";1;115199.0
1005720;"M";"26-35";0;"A";"0";0;1527265.0
1005721;"M";"46-50";11;"B";"2";0;227282.0
1005722;"M";"26-35";20;"A";"2";1;1905326.0
1005724;"M";"26-35";15;"B";"2";1;605332.0
1005725;"M";"18-25";2;"C";"0";0;114824.0
1005726;"M";"26-35";1;"C";"0";0;1042394.0
1005727;"M";"26-35";4;"C";"0";0;204452.0
1005728;"F";"36-45";20;"C";"3";0;1364181.0
1005729;"M";"18-25";10;"C";"1";0;324706.0
1005730;"M";"18-25";0;"A";"3";0;366682.0
1005731;"F";"26-35";11;"B";"2";1;590889.0
1005732;"F";"26-35";11;"C";"4+";1;217560.0
1005733;"M";"26-35";4;"B";"2";0;1367829.0
1005734;"F";"26-35";14;"B";"4+";1;1165786.0
1005735;"M";"26-35";6;"C";"4+";0;100062.0
1005736;"M";"26-35";1;"A";"3";1;714033.0
1005737;"M";"46-50";15;"C";"2";0;419671.0
1005738;"M";"26-35";12;"A";"1";1;2666661.0
1005739;"M";"26-35";7;"C";"2";0;355826.0
1005740;"M";"26-35";1;"B";"1";0;465383.0
1005741;"M";"51-55";13;"B";"0";1;303105.0
1005742;"F";"26-35";12;"B";"1";1;197452.0
1005743;"F";"36-45";0;"C";"1";0;132828.0
1005744;"F";"26-35";4;"A";"2";0;2123957.0
1005745;"F";"18-25";4;"B";"1";1;394240.0
1005746;"M";"18-25";15;"B";"2";0;436268.0
1005747;"M";"26-35";0;"B";"4+";1;2805372.0
1005748;"M";"26-35";0;"C";"3";0;376483.0
1005749;"M";"26-35";2;"A";"0";1;2318913.0
1005750;"M";"18-25";1;"A";"1";0;707344.0
1005751;"F";"0-17";0;"C";"0";0;391557.0
1005752;"F";"55+";0;"B";"3";1;630116.0
1005753;"M";"18-25";17;"C";"0";0;700735.0
1005754;"F";"18-25";1;"A";"2";0;1382382.0
1005755;"F";"36-45";2;"B";"1";0;2589647.0
1005756;"F";"0-17";10;"C";"1";0;161856.0
1005757;"M";"0-17";10;"C";"2";0;658203.0
1005758;"F";"51-55";1;"C";"2";0;935005.0
1005759;"F";"26-35";1;"A";"2";0;3054087.0
1005760;"M";"18-25";12;"C";"3";0;131419.0
1005761;"M";"26-35";20;"B";"1";1;862524.0
1005762;"F";"36-45";6;"A";"2";1;1420200.0
1005763;"F";"26-35";1;"A";"1";1;3420748.0
1005764;"F";"51-55";12;"C";"1";1;253889.0
1005765;"M";"26-35";11;"B";"2";1;1442206.0
1005766;"M";"55+";14;"C";"0";1;473930.0
1005767;"M";"26-35";2;"B";"0";0;2186602.0
1005768;"F";"0-17";7;"C";"3";0;375392.0
1005769;"M";"46-50";14;"B";"1";1;924422.0
1005770;"M";"26-35";0;"C";"3";1;817590.0
1005771;"M";"26-35";7;"A";"1";0;1276085.0
1005772;"M";"36-45";7;"C";"1";0;123525.0
1005773;"M";"26-35";6;"C";"3";0;100206.0
1005774;"M";"18-25";4;"A";"2";1;239590.0
1005775;"M";"26-35";11;"A";"4+";0;941960.0
1005776;"M";"18-25";12;"B";"3";1;1131248.0
1005777;"M";"0-17";0;"C";"4+";0;740452.0
1005778;"M";"36-45";12;"C";"1";0;480072.0
1005779;"M";"26-35";5;"A";"1";0;1939252.0
1005780;"M";"18-25";17;"B";"1";0;1612191.0
1005781;"M";"26-35";2;"B";"2";1;116128.0
1005782;"F";"36-45";0;"C";"4+";0;504912.0
1005783;"F";"46-50";1;"C";"3";1;164719.0
1005784;"M";"18-25";10;"C";"3";0;112200.0
1005785;"F";"26-35";7;"B";"2";1;870354.0
1005786;"M";"26-35";6;"B";"1";1;1366052.0
1005787;"M";"26-35";20;"B";"0";0;2294289.0
1005788;"M";"26-35";0;"A";"4+";0;3051524.0
1005789;"M";"26-35";17;"A";"1";0;264731.0
1005790;"F";"36-45";0;"B";"2";1;478579.0
1005792;"M";"26-35";17;"B";"1";1;1241362.0
1005793;"M";"26-35";2;"C";"1";1;273761.0
1005794;"M";"36-45";17;"A";"1";0;1503469.0
1005795;"M";"26-35";1;"A";"1";1;5464535.0
1005796;"F";"26-35";7;"B";"2";0;119737.0
1005797;"M";"26-35";7;"A";"4+";1;774419.0
1005798;"M";"36-45";0;"C";"2";1;622923.0
1005799;"M";"26-35";5;"C";"1";1;239126.0
1005800;"M";"36-45";18;"C";"2";0;129670.0
1005801;"M";"26-35";16;"B";"3";0;950000.0
1005802;"F";"26-35";0;"A";"4+";0;205847.0
1005803;"M";"0-17";10;"C";"1";0;231696.0
1005804;"F";"36-45";7;"B";"1";0;71200.0
1005805;"F";"26-35";0;"B";"1";1;928404.0
1005806;"F";"51-55";1;"B";"2";0;1071880.0
1005807;"M";"36-45";7;"C";"3";1;368625.0
1005808;"F";"26-35";7;"C";"2";1;511906.0
1005809;"M";"26-35";7;"C";"4+";0;1146013.0
1005810;"M";"51-55";16;"C";"4+";1;80350.0
1005811;"M";"18-25";4;"B";"3";0;1226541.0
1005812;"F";"26-35";7;"A";"1";1;4033808.0
1005813;"M";"26-35";7;"A";"1";1;645148.0
1005814;"M";"26-35";0;"B";"0";0;177170.0
1005815;"M";"26-35";20;"B";"1";0;492113.0
1005816;"M";"26-35";0;"C";"4+";1;185356.0
1005817;"M";"26-35";17;"C";"4+";1;145415.0
1005818;"M";"26-35";4;"C";"0";0;149151.0
1005819;"M";"51-55";6;"C";"1";1;229150.0
1005820;"M";"46-50";0;"B";"1";1;204135.0
1005821;"M";"26-35";15;"A";"3";0;355263.0
1005822;"F";"36-45";4;"C";"1";0;314465.0
1005823;"M";"26-35";12;"B";"1";0;771055.0
1005824;"M";"18-25";12;"B";"1";0;2804407.0
1005825;"F";"26-35";4;"B";"2";1;667628.0
1005826;"M";"18-25";4;"A";"2";1;1140110.0
1005827;"M";"26-35";2;"B";"2";0;682136.0
1005828;"M";"26-35";17;"B";"1";0;97402.0
1005829;"F";"26-35";4;"C";"1";0;421149.0
1005830;"F";"18-25";4;"C";"0";0;196518.0
1005831;"M";"26-35";1;"A";"2";1;6512433.0
1005832;"F";"26-35";0;"C";"4+";0;354787.0
1005833;"F";"36-45";0;"C";"3";1;500329.0
1005834;"M";"55+";16;"C";"4+";0;143257.0
1005835;"F";"36-45";0;"A";"3";0;162632.0
1005836;"M";"26-35";0;"C";"1";0;313157.0
1005837;"M";"26-35";7;"B";"0";1;3370329.0
1005838;"F";"46-50";7;"B";"0";1;1193211.0
1005839;"M";"26-35";1;"C";"0";0;147992.0
1005840;"F";"0-17";0;"C";"1";0;931651.0
1005841;"F";"36-45";7;"A";"4+";1;1789751.0
1005842;"M";"26-35";4;"B";"0";0;435742.0
1005843;"M";"36-45";1;"C";"2";0;792878.0
1005844;"F";"0-17";10;"C";"1";0;476231.0
1005846;"M";"46-50";16;"C";"1";1;355403.0
1005847;"F";"18-25";4;"B";"2";0;2226360.0
1005848;"M";"51-55";20;"A";"0";1;2273297.0
1005849;"M";"36-45";17;"B";"3";0;248372.0
1005850;"F";"26-35";7;"C";"1";0;147039.0
1005851;"F";"18-25";20;"A";"0";1;964511.0
1005852;"F";"26-35";1;"A";"0";1;1572100.0
1005853;"M";"51-55";19;"C";"1";1;784192.0
1005854;"M";"46-50";7;"B";"0";1;2140342.0
1005855;"M";"51-55";7;"C";"3";0;285129.0
1005856;"F";"26-35";7;"B";"3";1;367955.0
1005857;"F";"46-50";2;"B";"2";0;945345.0
1005858;"M";"26-35";4;"B";"1";0;1212749.0
1005859;"M";"26-35";7;"C";"1";1;175523.0
1005860;"F";"26-35";4;"C";"1";0;267782.0
1005861;"F";"51-55";1;"B";"1";1;1003747.0
1005862;"F";"26-35";9;"C";"0";1;1496327.0
1005863;"F";"26-35";14;"C";"4+";0;135390.0
1005864;"F";"51-55";1;"C";"1";0;239589.0
1005865;"M";"26-35";17;"C";"4+";0;518398.0
1005866;"F";"26-35";6;"C";"3";0;162456.0
1005867;"F";"46-50";3;"C";"1";1;171120.0
1005868;"M";"36-45";14;"B";"3";0;341985.0
1005869;"F";"26-35";7;"C";"4+";1;464179.0
1005871;"F";"26-35";4;"B";"1";0;572783.0
1005872;"M";"26-35";17;"C";"1";1;1403677.0
1005873;"M";"18-25";12;"B";"1";0;295626.0
1005874;"M";"26-35";4;"B";"1";0;1755900.0
1005875;"M";"26-35";4;"C";"1";0;1021261.0
1005876;"M";"51-55";7;"C";"3";1;123445.0
1005877;"M";"18-25";12;"A";"1";0;142240.0
1005878;"F";"26-35";0;"A";"4+";1;2981466.0
1005879;"M";"36-45";7;"A";"4+";1;417200.0
1005880;"M";"26-35";1;"A";"1";1;3551677.0
1005881;"M";"36-45";17;"B";"1";0;1415078.0
1005882;"M";"36-45";7;"C";"1";0;290243.0
1005883;"F";"18-25";0;"A";"4+";1;115306.0
1005884;"M";"18-25";4;"C";"3";0;674357.0
1005885;"M";"26-35";1;"C";"0";0;809332.0
1005886;"M";"26-35";20;"A";"2";0;2456704.0
1005887;"F";"36-45";20;"C";"3";1;353772.0
1005888;"M";"26-35";20;"B";"1";0;2510414.0
1005889;"M";"51-55";20;"C";"1";1;735154.0
1005890;"M";"36-45";20;"C";"3";0;1737130.0
1005891;"M";"18-25";4;"C";"1";0;314220.0
1005892;"M";"46-50";2;"C";"4+";0;589848.0
1005893;"M";"26-35";7;"A";"0";0;544110.0
1005894;"M";"36-45";0;"C";"1";0;949315.0
1005895;"M";"26-35";1;"C";"4+";0;355355.0
1005896;"M";"26-35";0;"A";"4+";0;588174.0
1005897;"M";"26-35";20;"C";"3";1;257383.0
1005898;"F";"18-25";0;"A";"2";0;166586.0
1005899;"M";"36-45";17;"C";"1";0;92481.0
1005900;"M";"26-35";7;"C";"1";0;444241.0
1005901;"F";"36-45";7;"C";"4+";0;151129.0
1005902;"M";"51-55";16;"C";"2";1;375768.0
1005903;"M";"26-35";11;"C";"1";1;555699.0
1005904;"F";"46-50";12;"C";"1";0;73504.0
1005905;"F";"36-45";20;"B";"2";0;608404.0
1005906;"F";"18-25";4;"C";"1";1;586489.0
1005907;"M";"26-35";2;"B";"1";0;280961.0
1005908;"M";"26-35";4;"B";"1";0;1518320.0
1005909;"M";"18-25";20;"C";"4+";1;129116.0
1005910;"F";"46-50";20;"B";"2";0;466398.0
1005911;"F";"26-35";17;"C";"4+";1;1131180.0
1005912;"M";"26-35";1;"C";"2";0;503254.0
1005913;"F";"18-25";0;"B";"0";0;437092.0
1005914;"M";"36-45";2;"C";"3";1;264933.0
1005915;"M";"18-25";4;"C";"0";0;1643566.0
1005916;"M";"51-55";20;"B";"1";1;2932572.0
1005917;"F";"51-55";1;"A";"2";1;1460830.0
1005918;"M";"26-35";12;"A";"3";1;154365.0
1005919;"M";"18-25";0;"C";"0";0;145318.0
1005920;"F";"26-35";1;"C";"2";0;737402.0
1005921;"M";"26-35";6;"C";"3";1;254092.0
1005922;"M";"55+";3;"C";"3";0;1100771.0
1005923;"M";"26-35";7;"C";"1";1;207234.0
1005924;"M";"36-45";0;"B";"0";1;1250395.0
1005925;"F";"26-35";0;"C";"1";1;1038108.0
1005926;"F";"51-55";7;"C";"1";1;559400.0
1005927;"M";"36-45";14;"B";"4+";1;948361.0
1005928;"M";"46-50";1;"C";"1";1;238562.0
1005929;"F";"36-45";0;"C";"2";0;408395.0
1005930;"F";"36-45";17;"C";"3";0;542986.0
1005931;"F";"18-25";7;"A";"3";0;476640.0
1005932;"M";"18-25";14;"C";"3";0;151115.0
1005933;"M";"26-35";2;"C";"3";1;255490.0
1005934;"M";"26-35";14;"C";"3";0;203013.0
1005935;"M";"18-25";0;"C";"1";0;171357.0
1005936;"M";"18-25";4;"C";"4+";0;290105.0
1005937;"M";"26-35";12;"B";"2";1;525992.0
1005938;"M";"26-35";1;"C";"1";1;1210344.0
1005939;"F";"46-50";15;"C";"1";1;522407.0
1005940;"M";"51-55";12;"C";"1";1;236938.0
1005941;"F";"26-35";0;"A";"3";0;189491.0
1005942;"M";"46-50";1;"C";"4+";0;1011500.0
1005943;"F";"46-50";1;"A";"4+";1;358522.0
1005944;"F";"18-25";10;"C";"4+";0;53996.0
1005945;"F";"36-45";2;"C";"1";1;160356.0
1005946;"F";"55+";1;"A";"0";0;420788.0
1005947;"F";"46-50";16;"B";"1";1;560837.0
1005948;"M";"55+";13;"B";"0";0;2120730.0
1005949;"M";"18-25";17;"B";"3";1;960581.0
1005950;"M";"26-35";4;"B";"2";1;2008078.0
1005951;"M";"18-25";4;"B";"0";1;319509.0
1005952;"F";"46-50";1;"C";"4+";1;696511.0
1005953;"M";"0-17";10;"B";"0";0;629161.0
1005954;"M";"46-50";11;"A";"2";1;4551927.0
1005955;"F";"26-35";7;"A";"1";0;1949208.0
1005956;"F";"18-25";4;"B";"2";0;1400354.0
1005957;"M";"18-25";20;"B";"1";1;1372373.0
1005958;"M";"46-50";14;"C";"1";0;745885.0
1005959;"F";"18-25";4;"B";"2";1;237676.0
1005960;"F";"46-50";0;"C";"1";1;853837.0
1005961;"F";"46-50";0;"A";"3";0;1559812.0
1005962;"M";"36-45";7;"C";"2";1;217910.0
1005963;"M";"26-35";15;"A";"0";0;1074788.0
1005964;"M";"18-25";5;"B";"1";0;3117743.0
1005965;"M";"26-35";17;"C";"1";0;188435.0
1005966;"F";"36-45";9;"B";"1";1;293521.0
1005967;"M";"51-55";16;"C";"0";1;136189.0
1005968;"M";"55+";7;"A";"1";1;282354.0
1005969;"M";"46-50";13;"C";"1";1;430888.0
1005970;"M";"36-45";11;"B";"1";0;250044.0
1005971;"M";"36-45";7;"C";"1";0;807878.0
1005972;"F";"26-35";20;"B";"0";0;2086643.0
1005973;"M";"0-17";10;"C";"4+";0;270475.0
1005974;"F";"26-35";1;"C";"0";1;1058692.0
1005975;"M";"26-35";14;"A";"1";0;283144.0
1005976;"F";"26-35";1;"C";"2";0;502485.0
1005977;"M";"36-45";1;"B";"4+";0;280443.0
1005978;"M";"36-45";1;"B";"2";0;1940593.0
1005979;"M";"26-35";1;"B";"1";1;165386.0
1005980;"M";"55+";1;"C";"3";0;1070641.0
1005981;"M";"36-45";7;"C";"3";0;1366169.0
1005982;"M";"36-45";1;"B";"4+";0;881734.0
1005983;"M";"26-35";3;"C";"3";0;231559.0
1005984;"M";"26-35";1;"A";"4+";0;212929.0
1005985;"F";"18-25";4;"C";"0";1;374004.0
1005986;"F";"55+";1;"B";"4+";1;606283.0
1005987;"M";"26-35";16;"B";"4+";1;256716.0
1005988;"M";"26-35";15;"B";"1";1;284665.0
1005989;"F";"0-17";10;"C";"3";0;466195.0
1005990;"F";"26-35";20;"B";"1";1;1418538.0
1005991;"F";"36-45";20;"B";"4+";1;422393.0
1005992;"F";"18-25";4;"C";"4+";0;278081.0
1005993;"F";"51-55";20;"C";"1";1;130022.0
1005994;"M";"36-45";1;"C";"2";1;705057.0
1005995;"F";"36-45";1;"C";"2";1;1014991.0
1005996;"F";"26-35";0;"B";"1";1;3021711.0
1005997;"F";"26-35";7;"A";"3";0;409731.0
1005998;"M";"18-25";4;"B";"4+";0;702901.0
1005999;"F";"26-35";1;"A";"0";1;330227.0
1006000;"M";"46-50";17;"B";"2";1;2372712.0
1006001;"F";"26-35";7;"A";"0";1;1257329.0
1006002;"M";"51-55";0;"C";"1";1;1843460.0
1006003;"F";"46-50";17;"C";"1";0;1606981.0
1006004;"F";"26-35";15;"C";"2";0;326310.0
1006005;"F";"26-35";5;"C";"2";1;369915.0
1006006;"F";"0-17";0;"C";"1";0;514919.0
1006007;"M";"36-45";17;"C";"2";0;1675073.0
1006008;"M";"18-25";4;"A";"4+";0;266306.0
1006009;"F";"26-35";12;"C";"3";0;278923.0
1006010;"M";"36-45";0;"C";"1";0;1934210.0
1006011;"M";"36-45";15;"C";"3";0;1198714.0
1006012;"M";"36-45";15;"C";"4+";1;127920.0
1006013;"F";"26-35";20;"C";"3";0;622847.0
1006014;"M";"46-50";1;"C";"0";1;528238.0
1006015;"F";"26-35";9;"B";"1";0;255812.0
1006016;"M";"46-50";1;"B";"1";1;3770970.0
1006017;"F";"36-45";7;"B";"1";0;160230.0
1006018;"M";"36-45";1;"C";"3";0;975585.0
1006019;"M";"26-35";0;"A";"4+";0;604563.0
1006020;"M";"51-55";16;"A";"1";1;374475.0
1006021;"M";"26-35";12;"B";"2";1;709448.0
1006022;"M";"26-35";17;"C";"4+";0;278257.0
1006023;"M";"26-35";0;"C";"2";1;1222210.0
1006024;"M";"26-35";12;"A";"0";1;827570.0
1006025;"F";"26-35";1;"B";"1";0;1040257.0
1006026;"M";"36-45";6;"C";"1";1;490768.0
1006027;"M";"18-25";4;"C";"1";1;265201.0
1006028;"M";"18-25";4;"A";"4+";0;362972.0
1006029;"F";"26-35";1;"C";"1";1;157436.0
1006030;"M";"26-35";17;"C";"1";1;737361.0
1006031;"F";"18-25";0;"C";"1";0;286374.0
1006032;"M";"46-50";7;"A";"3";0;517261.0
1006033;"M";"51-55";13;"B";"1";1;501843.0
1006034;"M";"26-35";14;"A";"3";0;197086.0
1006035;"F";"26-35";1;"C";"3";0;956645.0
1006036;"F";"26-35";15;"B";"4+";1;4116058.0
1006037;"F";"46-50";1;"C";"4+";0;1119538.0
1006038;"F";"55+";1;"C";"2";0;90034.0
1006039;"F";"46-50";0;"B";"4+";1;590319.0
1006040;"M";"26-35";6;"B";"2";0;1653299.0
